timestamp,filename,simulation,replica,pos_threshold,neg_threshold,load_time_ms,render_time_ms,avg_fps,memory_heap_mb,visible_points
2026-04-18T03:20:41.596Z,dccm_data_25.bin,asp294his,Rep_1,0.1,0.1,293.40,21845.30,0,3280.65, 25444432
2026-04-18T03:20:45.214Z,dccm_data_25.bin,asp294his,Rep_1,0.3,0.3,293.40,2513.80,24.7,2325.59, 7040964
2026-04-18T03:21:01.108Z,dccm_data_25.bin,asp294his,Rep_1,0.5,0.5,293.40,721.20,46.1,1615.52, 1947178
2026-04-18T03:21:16.478Z,dccm_data_25.bin,asp294his,Rep_1,0.7,0.7,293.40,369.40,58.3,1250.40, 792168
2026-04-18T03:21:31.707Z,dccm_data_25.bin,asp294his,Rep_1,0.9,0.9,293.40,195.80,59.2,1285.57, 165934
2026-04-18T03:21:57.241Z,dccm_data_50.bin,asp294his,Rep_1,0.1,0.1,193.50,10333.40,30.9,1822.22, 12428874
2026-04-18T03:22:02.661Z,dccm_data_50.bin,asp294his,Rep_1,0.3,0.3,193.50,944.30,37.0,1638.41, 3360110
2026-04-18T03:22:17.979Z,dccm_data_50.bin,asp294his,Rep_1,0.5,0.5,193.50,316.50,57.7,975.94, 995898
2026-04-18T03:22:33.168Z,dccm_data_50.bin,asp294his,Rep_1,0.7,0.7,193.50,187.90,59.3,858.17, 424388
2026-04-18T03:22:48.280Z,dccm_data_50.bin,asp294his,Rep_1,0.9,0.9,193.50,106.60,59.7,723.36, 85500
2026-04-18T03:23:08.955Z,dccm_data_100.bin,asp294his,Rep_1,0.1,0.1,74.30,5597.60,35.5,1086.97, 6231886
2026-04-18T03:23:18.967Z,dccm_data_100.bin,asp294his,Rep_1,0.3,0.3,74.30,488.30,51.9,1067.90, 1782294
2026-04-18T03:23:34.142Z,dccm_data_100.bin,asp294his,Rep_1,0.5,0.5,74.30,174.60,59.4,631.92, 555396
2026-04-18T03:23:49.250Z,dccm_data_100.bin,asp294his,Rep_1,0.7,0.7,74.30,104.70,59.7,516.53, 233700
2026-04-18T03:24:04.300Z,dccm_data_100.bin,asp294his,Rep_1,0.9,0.9,74.30,49.60,59.9,521.19, 46052
2026-04-18T03:24:23.083Z,dccm_data_200.bin,asp294his,Rep_1,0.1,0.1,64.10,3715.80,48.0,689.24, 3146268
2026-04-18T03:24:34.604Z,dccm_data_200.bin,asp294his,Rep_1,0.3,0.3,64.10,254.50,58.6,576.68, 934922
2026-04-18T03:24:49.696Z,dccm_data_200.bin,asp294his,Rep_1,0.5,0.5,64.10,91.20,59.8,465.95, 297326
2026-04-18T03:25:04.752Z,dccm_data_200.bin,asp294his,Rep_1,0.7,0.7,64.10,55.40,59.9,398.56, 125460
2026-04-18T03:25:19.788Z,dccm_data_200.bin,asp294his,Rep_1,0.9,0.9,64.10,36.00,59.9,380.22, 24940
2026-04-18T03:25:37.345Z,dccm_data_400.bin,asp294his,Rep_1,0.1,0.1,27.70,2526.30,59.0,529.37, 1623056
2026-04-18T03:25:49.937Z,dccm_data_400.bin,asp294his,Rep_1,0.3,0.3,27.70,145.60,59.5,493.32, 524368
2026-04-18T03:26:04.998Z,dccm_data_400.bin,asp294his,Rep_1,0.5,0.5,27.70,60.90,59.9,364.87, 170146
2026-04-18T03:26:20.032Z,dccm_data_400.bin,asp294his,Rep_1,0.7,0.7,27.70,34.00,59.9,341.83, 69076
2026-04-18T03:26:35.054Z,dccm_data_400.bin,asp294his,Rep_1,0.9,0.9,27.70,20.40,60.0,334.00, 14180
2026-04-18T03:26:52.152Z,dccm_data_800.bin,asp294his,Rep_1,0.1,0.1,25.70,2069.40,59.1,376.03, 799760
2026-04-18T03:27:05.130Z,dccm_data_800.bin,asp294his,Rep_1,0.3,0.3,25.70,73.40,59.8,394.36, 276184
2026-04-18T03:27:20.164Z,dccm_data_800.bin,asp294his,Rep_1,0.5,0.5,25.70,32.70,60.0,323.83, 94076
2026-04-18T03:27:35.183Z,dccm_data_800.bin,asp294his,Rep_1,0.7,0.7,25.70,18.40,60.0,293.95, 36686
2026-04-18T03:27:50.196Z,dccm_data_800.bin,asp294his,Rep_1,0.9,0.9,25.70,12.20,60.0,296.98, 7844
2026-04-18T03:28:06.917Z,dccm_data_1600.bin,asp294his,Rep_1,0.1,0.1,8.80,1709.20,55.7,377.04, 433374
2026-04-18T03:28:20.253Z,dccm_data_1600.bin,asp294his,Rep_1,0.3,0.3,8.80,54.40,59.9,364.52, 182518
2026-04-18T03:28:35.276Z,dccm_data_1600.bin,asp294his,Rep_1,0.5,0.5,8.80,21.90,60.0,293.84, 62242
2026-04-18T03:28:50.286Z,dccm_data_1600.bin,asp294his,Rep_1,0.7,0.7,8.80,9.90,60.0,295.02, 24214
2026-04-18T03:29:05.291Z,dccm_data_1600.bin,asp294his,Rep_1,0.9,0.9,8.80,5.10,60.0,293.71, 5236
2026-04-18T03:29:42.152Z,dccm_data_25.bin,asp294his,Rep_2,0.1,0.1,345.30,21512.50,0,2942.30, 24777138
2026-04-18T03:29:45.321Z,dccm_data_25.bin,asp294his,Rep_2,0.3,0.3,345.30,2025.40,29.8,2466.62, 6285404
2026-04-18T03:30:01.132Z,dccm_data_25.bin,asp294his,Rep_2,0.5,0.5,345.30,635.50,47.0,1533.16, 1665524
2026-04-18T03:30:16.473Z,dccm_data_25.bin,asp294his,Rep_2,0.7,0.7,345.30,340.00,58.8,1205.58, 669922
2026-04-18T03:30:31.683Z,dccm_data_25.bin,asp294his,Rep_2,0.9,0.9,345.30,195.60,59.3,1235.14, 146016
2026-04-18T03:30:56.917Z,dccm_data_50.bin,asp294his,Rep_2,0.1,0.1,379.40,9847.90,25.9,1859.37, 11873472
2026-04-18T03:31:02.518Z,dccm_data_50.bin,asp294his,Rep_2,0.3,0.3,379.40,828.00,39.6,1727.24, 2818664
2026-04-18T03:31:17.836Z,dccm_data_50.bin,asp294his,Rep_2,0.5,0.5,379.40,277.70,57.1,939.81, 825260
2026-04-18T03:31:33.007Z,dccm_data_50.bin,asp294his,Rep_2,0.7,0.7,379.40,170.90,59.4,765.33, 350038
2026-04-18T03:31:48.117Z,dccm_data_50.bin,asp294his,Rep_2,0.9,0.9,379.40,105.40,59.7,714.98, 72814
2026-04-18T03:32:08.894Z,dccm_data_100.bin,asp294his,Rep_2,0.1,0.1,247.60,5525.80,40.1,1071.71, 5821766
2026-04-18T03:32:18.718Z,dccm_data_100.bin,asp294his,Rep_2,0.3,0.3,247.60,451.40,56.1,988.30, 1376616
2026-04-18T03:32:33.864Z,dccm_data_100.bin,asp294his,Rep_2,0.5,0.5,247.60,144.10,59.5,600.99, 424974
2026-04-18T03:32:48.958Z,dccm_data_100.bin,asp294his,Rep_2,0.7,0.7,247.60,93.60,59.7,509.99, 186290
2026-04-18T03:33:04.018Z,dccm_data_100.bin,asp294his,Rep_2,0.9,0.9,247.60,59.10,59.9,495.85, 36938
2026-04-18T03:33:22.585Z,dccm_data_200.bin,asp294his,Rep_2,0.1,0.1,157.20,3407.30,49.9,677.57, 2934060
2026-04-18T03:33:34.259Z,dccm_data_200.bin,asp294his,Rep_2,0.3,0.3,157.20,213.20,58.8,555.09, 724462
2026-04-18T03:33:49.334Z,dccm_data_200.bin,asp294his,Rep_2,0.5,0.5,157.20,74.50,59.8,572.83, 231836
2026-04-18T03:34:04.384Z,dccm_data_200.bin,asp294his,Rep_2,0.7,0.7,157.20,50.10,59.9,385.16, 100500
2026-04-18T03:34:19.418Z,dccm_data_200.bin,asp294his,Rep_2,0.9,0.9,157.20,33.70,60.0,376.33, 19272
2026-04-18T03:34:36.922Z,dccm_data_400.bin,asp294his,Rep_2,0.1,0.1,67.20,2433.90,54.4,497.30, 1472396
2026-04-18T03:34:49.524Z,dccm_data_400.bin,asp294his,Rep_2,0.3,0.3,67.20,102.80,59.7,443.35, 384932
2026-04-18T03:35:04.570Z,dccm_data_400.bin,asp294his,Rep_2,0.5,0.5,67.20,45.20,59.9,375.01, 129562
2026-04-18T03:35:19.600Z,dccm_data_400.bin,asp294his,Rep_2,0.7,0.7,67.20,29.40,60.0,331.43, 54844
2026-04-18T03:35:34.620Z,dccm_data_400.bin,asp294his,Rep_2,0.9,0.9,67.20,19.90,60.0,331.91, 10176
2026-04-18T03:35:51.654Z,dccm_data_800.bin,asp294his,Rep_2,0.1,0.1,53.00,1977.50,59.1,441.90, 723440
2026-04-18T03:36:04.684Z,dccm_data_800.bin,asp294his,Rep_2,0.3,0.3,53.00,61.00,59.9,384.24, 203818
2026-04-18T03:36:19.711Z,dccm_data_800.bin,asp294his,Rep_2,0.5,0.5,53.00,26.80,60.0,311.97, 72572
2026-04-18T03:36:34.729Z,dccm_data_800.bin,asp294his,Rep_2,0.7,0.7,53.00,16.90,60.0,313.92, 29984
2026-04-18T03:36:49.741Z,dccm_data_800.bin,asp294his,Rep_2,0.9,0.9,53.00,11.90,60.0,288.59, 5494
2026-04-18T03:37:06.551Z,dccm_data_1600.bin,asp294his,Rep_2,0.1,0.1,30.80,1776.90,55.8,345.77, 379528
2026-04-18T03:37:19.784Z,dccm_data_1600.bin,asp294his,Rep_2,0.3,0.3,30.80,40.30,60.0,322.33, 123544
2026-04-18T03:37:34.800Z,dccm_data_1600.bin,asp294his,Rep_2,0.5,0.5,30.80,16.00,60.0,318.03, 44494
2026-04-18T03:37:49.812Z,dccm_data_1600.bin,asp294his,Rep_2,0.7,0.7,30.80,11.00,60.0,290.45, 18344
2026-04-18T03:38:04.817Z,dccm_data_1600.bin,asp294his,Rep_2,0.9,0.9,30.80,4.40,60.0,288.94, 3286
2026-04-18T03:38:42.919Z,dccm_data_25.bin,asp294his,Rep_3,0.1,0.1,324.10,22776.10,0,3144.41, 25561856
2026-04-18T03:38:46.788Z,dccm_data_25.bin,asp294his,Rep_3,0.3,0.3,324.10,2531.00,21.5,2470.83, 7237742
2026-04-18T03:39:02.737Z,dccm_data_25.bin,asp294his,Rep_3,0.5,0.5,324.10,724.80,47.4,1646.58, 2003042
2026-04-18T03:39:18.093Z,dccm_data_25.bin,asp294his,Rep_3,0.7,0.7,324.10,356.20,58.1,1316.34, 783724
2026-04-18T03:39:33.331Z,dccm_data_25.bin,asp294his,Rep_3,0.9,0.9,324.10,214.40,59.1,1190.55, 162468
2026-04-18T03:39:59.008Z,dccm_data_50.bin,asp294his,Rep_3,0.1,0.1,444.00,10227.20,26.9,1802.79, 12356906
2026-04-18T03:40:04.539Z,dccm_data_50.bin,asp294his,Rep_3,0.3,0.3,444.00,941.20,42.1,1648.05, 3349972
2026-04-18T03:40:19.902Z,dccm_data_50.bin,asp294his,Rep_3,0.5,0.5,444.00,362.30,58.2,1012.79, 986228
2026-04-18T03:40:35.127Z,dccm_data_50.bin,asp294his,Rep_3,0.7,0.7,444.00,189.50,59.3,769.20, 410792
2026-04-18T03:40:50.238Z,dccm_data_50.bin,asp294his,Rep_3,0.9,0.9,444.00,111.10,59.7,720.39, 81450
2026-04-18T03:41:11.199Z,dccm_data_100.bin,asp294his,Rep_3,0.1,0.1,254.60,5701.50,31.9,1078.06, 6129850
2026-04-18T03:41:20.872Z,dccm_data_100.bin,asp294his,Rep_3,0.3,0.3,254.60,476.20,52.6,1068.09, 1683960
2026-04-18T03:41:36.043Z,dccm_data_100.bin,asp294his,Rep_3,0.5,0.5,254.60,171.00,59.4,623.71, 533296
2026-04-18T03:41:51.144Z,dccm_data_100.bin,asp294his,Rep_3,0.7,0.7,254.60,100.70,59.7,528.97, 228254
2026-04-18T03:42:06.204Z,dccm_data_100.bin,asp294his,Rep_3,0.9,0.9,254.60,58.70,59.9,500.65, 43004
2026-04-18T03:42:24.818Z,dccm_data_200.bin,asp294his,Rep_3,0.1,0.1,112.40,3498.50,46.2,695.46, 3111652
2026-04-18T03:42:36.461Z,dccm_data_200.bin,asp294his,Rep_3,0.3,0.3,112.40,254.00,59.0,518.85, 899380
2026-04-18T03:42:51.546Z,dccm_data_200.bin,asp294his,Rep_3,0.5,0.5,112.40,84.40,59.8,559.02, 285984
2026-04-18T03:43:06.603Z,dccm_data_200.bin,asp294his,Rep_3,0.7,0.7,112.40,54.20,59.9,394.54, 120688
2026-04-18T03:43:21.637Z,dccm_data_200.bin,asp294his,Rep_3,0.9,0.9,112.40,33.80,60.0,378.27, 22946
2026-04-18T03:43:39.159Z,dccm_data_400.bin,asp294his,Rep_3,0.1,0.1,58.00,2461.20,54.9,465.12, 1562948
2026-04-18T03:43:51.766Z,dccm_data_400.bin,asp294his,Rep_3,0.3,0.3,58.00,125.40,59.5,496.51, 483378
2026-04-18T03:44:06.822Z,dccm_data_400.bin,asp294his,Rep_3,0.5,0.5,58.00,55.60,59.9,395.76, 160194
2026-04-18T03:44:21.854Z,dccm_data_400.bin,asp294his,Rep_3,0.7,0.7,58.00,31.50,59.9,337.48, 65558
2026-04-18T03:44:36.874Z,dccm_data_400.bin,asp294his,Rep_3,0.9,0.9,58.00,19.60,60.0,334.89, 12660
2026-04-18T03:44:53.964Z,dccm_data_800.bin,asp294his,Rep_3,0.1,0.1,37.20,2051.00,56.1,404.36, 772692
2026-04-18T03:45:06.946Z,dccm_data_800.bin,asp294his,Rep_3,0.3,0.3,37.20,69.50,59.9,385.21, 253938
2026-04-18T03:45:21.976Z,dccm_data_800.bin,asp294his,Rep_3,0.5,0.5,37.20,29.80,60.0,320.32, 83658
2026-04-18T03:45:36.992Z,dccm_data_800.bin,asp294his,Rep_3,0.7,0.7,37.20,16.10,60.0,317.67, 33254
2026-04-18T03:45:52.004Z,dccm_data_800.bin,asp294his,Rep_3,0.9,0.9,37.20,10.90,60.0,291.53, 6684
2026-04-18T03:46:08.853Z,dccm_data_1600.bin,asp294his,Rep_3,0.1,0.1,32.10,1814.70,55.4,387.86, 394658
2026-04-18T03:46:22.048Z,dccm_data_1600.bin,asp294his,Rep_3,0.3,0.3,32.10,42.40,59.9,325.46, 137310
2026-04-18T03:46:37.069Z,dccm_data_1600.bin,asp294his,Rep_3,0.5,0.5,32.10,19.70,60.0,286.39, 45260
2026-04-18T03:46:52.080Z,dccm_data_1600.bin,asp294his,Rep_3,0.7,0.7,32.10,10.60,60.0,291.42, 17746
2026-04-18T03:47:07.085Z,dccm_data_1600.bin,asp294his,Rep_3,0.9,0.9,32.10,4.60,60.0,289.89, 3800
2026-04-18T03:47:43.884Z,dccm_data_25.bin,asp294his,Rep_4,0.1,0.1,910.60,20886.50,0,3119.99, 24259966
2026-04-18T03:47:46.702Z,dccm_data_25.bin,asp294his,Rep_4,0.3,0.3,910.60,1696.60,31.4,2831.62, 5815054
2026-04-18T03:48:02.393Z,dccm_data_25.bin,asp294his,Rep_4,0.5,0.5,910.60,667.90,48.1,1494.32, 1653582
2026-04-18T03:48:17.736Z,dccm_data_25.bin,asp294his,Rep_4,0.7,0.7,910.60,343.10,58.8,1295.76, 712398
2026-04-18T03:48:32.963Z,dccm_data_25.bin,asp294his,Rep_4,0.9,0.9,910.60,212.60,59.3,1183.86, 151808
2026-04-18T03:48:58.294Z,dccm_data_50.bin,asp294his,Rep_4,0.1,0.1,436.80,9883.80,28.7,1693.39, 11519430
2026-04-18T03:49:03.780Z,dccm_data_50.bin,asp294his,Rep_4,0.3,0.3,436.80,806.60,40.5,1380.56, 2575942
2026-04-18T03:49:19.104Z,dccm_data_50.bin,asp294his,Rep_4,0.5,0.5,436.80,322.60,58.2,826.46, 818986
2026-04-18T03:49:34.280Z,dccm_data_50.bin,asp294his,Rep_4,0.7,0.7,436.80,175.30,59.4,867.99, 372392
2026-04-18T03:49:49.389Z,dccm_data_50.bin,asp294his,Rep_4,0.9,0.9,436.80,109.50,59.6,716.69, 76438
2026-04-18T03:50:10.138Z,dccm_data_100.bin,asp294his,Rep_4,0.1,0.1,182.20,5560.90,38.4,992.90, 5685590
2026-04-18T03:50:20.004Z,dccm_data_100.bin,asp294his,Rep_4,0.3,0.3,182.20,438.10,56.2,861.22, 1301410
2026-04-18T03:50:35.154Z,dccm_data_100.bin,asp294his,Rep_4,0.5,0.5,182.20,149.60,59.5,589.76, 428978
2026-04-18T03:50:50.248Z,dccm_data_100.bin,asp294his,Rep_4,0.7,0.7,182.20,94.40,59.7,518.79, 200464
2026-04-18T03:51:05.307Z,dccm_data_100.bin,asp294his,Rep_4,0.9,0.9,182.20,58.40,59.9,498.06, 39924
2026-04-18T03:51:23.977Z,dccm_data_200.bin,asp294his,Rep_4,0.1,0.1,150.20,3514.40,49.6,768.53, 2851690
2026-04-18T03:51:35.555Z,dccm_data_200.bin,asp294his,Rep_4,0.3,0.3,150.20,198.10,58.7,643.16, 675992
2026-04-18T03:51:50.637Z,dccm_data_200.bin,asp294his,Rep_4,0.5,0.5,150.20,81.50,59.7,438.84, 224398
2026-04-18T03:52:05.692Z,dccm_data_200.bin,asp294his,Rep_4,0.7,0.7,150.20,52.90,59.9,388.48, 106884
2026-04-18T03:52:20.727Z,dccm_data_200.bin,asp294his,Rep_4,0.9,0.9,150.20,34.10,60.0,393.31, 21008
2026-04-18T03:52:38.209Z,dccm_data_400.bin,asp294his,Rep_4,0.1,0.1,68.20,2411.10,58.4,526.03, 1440490
2026-04-18T03:52:50.832Z,dccm_data_400.bin,asp294his,Rep_4,0.3,0.3,68.20,101.60,59.7,447.20, 355546
2026-04-18T03:53:05.877Z,dccm_data_400.bin,asp294his,Rep_4,0.5,0.5,68.20,45.00,59.9,343.06, 117356
2026-04-18T03:53:20.906Z,dccm_data_400.bin,asp294his,Rep_4,0.7,0.7,68.20,28.20,60.0,329.04, 57064
2026-04-18T03:53:35.924Z,dccm_data_400.bin,asp294his,Rep_4,0.9,0.9,68.20,18.00,60.0,324.16, 11090
2026-04-18T03:53:52.898Z,dccm_data_800.bin,asp294his,Rep_4,0.1,0.1,38.90,1933.30,56.2,369.34, 689374
2026-04-18T03:54:05.980Z,dccm_data_800.bin,asp294his,Rep_4,0.3,0.3,38.90,53.50,59.9,360.83, 175030
2026-04-18T03:54:21.005Z,dccm_data_800.bin,asp294his,Rep_4,0.5,0.5,38.90,24.00,60.0,302.49, 58204
2026-04-18T03:54:36.021Z,dccm_data_800.bin,asp294his,Rep_4,0.7,0.7,38.90,16.00,60.0,297.99, 28998
2026-04-18T03:54:51.029Z,dccm_data_800.bin,asp294his,Rep_4,0.9,0.9,38.90,8.00,60.0,298.67, 5678
2026-04-18T03:55:07.780Z,dccm_data_1600.bin,asp294his,Rep_4,0.1,0.1,27.90,1720.70,55.9,334.00, 347036
2026-04-18T03:55:21.065Z,dccm_data_1600.bin,asp294his,Rep_4,0.3,0.3,27.90,32.70,60.0,312.61, 95526
2026-04-18T03:55:36.077Z,dccm_data_1600.bin,asp294his,Rep_4,0.5,0.5,27.90,11.50,60.0,298.45, 33292
2026-04-18T03:55:51.084Z,dccm_data_1600.bin,asp294his,Rep_4,0.7,0.7,27.90,6.50,60.0,302.27, 15716
2026-04-18T03:56:06.091Z,dccm_data_1600.bin,asp294his,Rep_4,0.9,0.9,27.90,7.10,60.0,288.58, 3274
2026-04-18T03:56:44.963Z,dccm_data_25.bin,asp294his,Rep_5,0.1,0.1,795.30,23073.40,0,2929.42, 25151804
2026-04-18T03:56:48.232Z,dccm_data_25.bin,asp294his,Rep_5,0.3,0.3,795.30,2316.00,21.5,2567.16, 6849982
2026-04-18T03:57:04.261Z,dccm_data_25.bin,asp294his,Rep_5,0.5,0.5,795.30,800.10,48.0,1572.68, 1944058
2026-04-18T03:57:19.664Z,dccm_data_25.bin,asp294his,Rep_5,0.7,0.7,795.30,400.90,58.7,1308.53, 761562
2026-04-18T03:57:34.889Z,dccm_data_25.bin,asp294his,Rep_5,0.9,0.9,795.30,213.60,59.3,1241.74, 159432
2026-04-18T03:58:00.362Z,dccm_data_50.bin,asp294his,Rep_5,0.1,0.1,431.90,10034.20,23.5,1849.02, 12093796
2026-04-18T03:58:06.132Z,dccm_data_50.bin,asp294his,Rep_5,0.3,0.3,431.90,999.40,45.0,1781.91, 3148298
2026-04-18T03:58:21.531Z,dccm_data_50.bin,asp294his,Rep_5,0.5,0.5,431.90,398.30,58.6,912.17, 978332
2026-04-18T03:58:36.762Z,dccm_data_50.bin,asp294his,Rep_5,0.7,0.7,431.90,223.80,59.3,739.74, 406580
2026-04-18T03:58:51.869Z,dccm_data_50.bin,asp294his,Rep_5,0.9,0.9,431.90,106.80,59.7,745.85, 82344
2026-04-18T03:59:12.835Z,dccm_data_100.bin,asp294his,Rep_5,0.1,0.1,276.20,5685.00,30.3,1140.83, 6035184
2026-04-18T03:59:22.465Z,dccm_data_100.bin,asp294his,Rep_5,0.3,0.3,276.20,514.20,54.2,1075.77, 1623470
2026-04-18T03:59:37.641Z,dccm_data_100.bin,asp294his,Rep_5,0.5,0.5,276.20,175.30,59.4,630.79, 522288
2026-04-18T03:59:52.741Z,dccm_data_100.bin,asp294his,Rep_5,0.7,0.7,276.20,100.10,59.7,531.50, 222298
2026-04-18T04:00:07.806Z,dccm_data_100.bin,asp294his,Rep_5,0.9,0.9,276.20,64.30,59.9,479.50, 44144
2026-04-18T04:00:26.574Z,dccm_data_200.bin,asp294his,Rep_5,0.1,0.1,122.60,3641.70,47.9,699.62, 3028748
2026-04-18T04:00:38.075Z,dccm_data_200.bin,asp294his,Rep_5,0.3,0.3,122.60,264.80,59.0,660.79, 845506
2026-04-18T04:00:53.195Z,dccm_data_200.bin,asp294his,Rep_5,0.5,0.5,122.60,120.30,59.6,424.19, 275982
2026-04-18T04:01:08.252Z,dccm_data_200.bin,asp294his,Rep_5,0.7,0.7,122.60,56.50,59.9,386.90, 117242
2026-04-18T04:01:23.288Z,dccm_data_200.bin,asp294his,Rep_5,0.9,0.9,122.60,35.90,60.0,367.29, 22966
2026-04-18T04:01:40.904Z,dccm_data_400.bin,asp294his,Rep_5,0.1,0.1,67.80,2545.40,58.9,546.38, 1534754
2026-04-18T04:01:53.461Z,dccm_data_400.bin,asp294his,Rep_5,0.3,0.3,67.80,169.40,59.4,480.51, 465104
2026-04-18T04:02:08.531Z,dccm_data_400.bin,asp294his,Rep_5,0.5,0.5,67.80,69.60,59.8,479.09, 170590
2026-04-18T04:02:23.567Z,dccm_data_400.bin,asp294his,Rep_5,0.7,0.7,67.80,35.10,60.0,341.03, 76354
2026-04-18T04:02:38.586Z,dccm_data_400.bin,asp294his,Rep_5,0.9,0.9,67.80,18.70,60.0,335.27, 13916
2026-04-18T04:02:55.550Z,dccm_data_800.bin,asp294his,Rep_5,0.1,0.1,43.30,1918.50,59.1,417.22, 755178
2026-04-18T04:03:08.655Z,dccm_data_800.bin,asp294his,Rep_5,0.3,0.3,43.30,66.80,59.9,387.25, 261882
2026-04-18T04:03:23.694Z,dccm_data_800.bin,asp294his,Rep_5,0.5,0.5,43.30,38.50,59.9,342.13, 104170
2026-04-18T04:03:38.712Z,dccm_data_800.bin,asp294his,Rep_5,0.7,0.7,43.30,17.00,60.0,317.23, 45190
2026-04-18T04:03:53.723Z,dccm_data_800.bin,asp294his,Rep_5,0.9,0.9,43.30,9.80,60.0,310.62, 7790
2026-04-18T04:04:10.501Z,dccm_data_1600.bin,asp294his,Rep_5,0.1,0.1,41.00,1735.00,56.2,379.11, 395044
2026-04-18T04:04:23.773Z,dccm_data_1600.bin,asp294his,Rep_5,0.3,0.3,41.00,45.90,59.9,332.02, 149674
2026-04-18T04:04:38.801Z,dccm_data_1600.bin,asp294his,Rep_5,0.5,0.5,41.00,28.20,60.0,290.75, 61550
2026-04-18T04:04:53.815Z,dccm_data_1600.bin,asp294his,Rep_5,0.7,0.7,41.00,13.70,60.0,289.52, 26704
2026-04-18T04:05:08.820Z,dccm_data_1600.bin,asp294his,Rep_5,0.9,0.9,41.00,4.30,60.0,287.57, 4590
2026-04-18T04:05:46.173Z,dccm_data_25.bin,asp294his_lig,Rep_1,0.1,0.1,1181.90,21168.40,0,3008.75, 23920380
2026-04-18T04:05:48.897Z,dccm_data_25.bin,asp294his_lig,Rep_1,0.3,0.3,1181.90,1811.40,31.5,2953.60, 5404648
2026-04-18T04:06:04.594Z,dccm_data_25.bin,asp294his_lig,Rep_1,0.5,0.5,1181.90,656.70,50.3,1426.37, 1482586
2026-04-18T04:06:19.966Z,dccm_data_25.bin,asp294his_lig,Rep_1,0.7,0.7,1181.90,371.20,58.8,1282.39, 648078
2026-04-18T04:06:35.176Z,dccm_data_25.bin,asp294his_lig,Rep_1,0.9,0.9,1181.90,208.80,59.3,1180.20, 145880
2026-04-18T04:07:00.223Z,dccm_data_50.bin,asp294his_lig,Rep_1,0.1,0.1,331.20,9709.50,32.6,1687.58, 11280878
2026-04-18T04:07:06.277Z,dccm_data_50.bin,asp294his_lig,Rep_1,0.3,0.3,331.20,761.50,47.5,1359.78, 2347388
2026-04-18T04:07:21.544Z,dccm_data_50.bin,asp294his_lig,Rep_1,0.5,0.5,331.20,266.50,59.1,901.48, 732396
2026-04-18T04:07:36.716Z,dccm_data_50.bin,asp294his_lig,Rep_1,0.7,0.7,331.20,168.70,59.4,767.85, 339128
2026-04-18T04:07:51.833Z,dccm_data_50.bin,asp294his_lig,Rep_1,0.9,0.9,331.20,113.70,59.7,698.43, 72764
2026-04-18T04:08:12.521Z,dccm_data_100.bin,asp294his_lig,Rep_1,0.1,0.1,231.90,5447.50,29.2,941.67, 5520398
2026-04-18T04:08:22.402Z,dccm_data_100.bin,asp294his_lig,Rep_1,0.3,0.3,231.90,376.20,57.9,795.72, 1169780
2026-04-18T04:08:37.571Z,dccm_data_100.bin,asp294his_lig,Rep_1,0.5,0.5,231.90,168.10,59.5,543.27, 379380
2026-04-18T04:08:52.662Z,dccm_data_100.bin,asp294his_lig,Rep_1,0.7,0.7,231.90,90.70,59.7,547.48, 181262
2026-04-18T04:09:07.718Z,dccm_data_100.bin,asp294his_lig,Rep_1,0.9,0.9,231.90,56.10,59.9,495.93, 37578
2026-04-18T04:09:26.290Z,dccm_data_200.bin,asp294his_lig,Rep_1,0.1,0.1,124.80,3443.30,48.1,720.30, 2763654
2026-04-18T04:09:37.953Z,dccm_data_200.bin,asp294his_lig,Rep_1,0.3,0.3,124.80,231.30,59.1,560.88, 623186
2026-04-18T04:09:53.029Z,dccm_data_200.bin,asp294his_lig,Rep_1,0.5,0.5,124.80,75.40,59.8,429.72, 203730
2026-04-18T04:10:08.091Z,dccm_data_200.bin,asp294his_lig,Rep_1,0.7,0.7,124.80,60.40,59.9,380.01, 97376
2026-04-18T04:10:23.124Z,dccm_data_200.bin,asp294his_lig,Rep_1,0.9,0.9,124.80,33.30,59.9,368.84, 19704
2026-04-18T04:10:40.687Z,dccm_data_400.bin,asp294his_lig,Rep_1,0.1,0.1,67.00,2492.40,54.9,516.71, 1445450
2026-04-18T04:10:53.255Z,dccm_data_400.bin,asp294his_lig,Rep_1,0.3,0.3,67.00,127.10,59.6,431.74, 353340
2026-04-18T04:11:08.306Z,dccm_data_400.bin,asp294his_lig,Rep_1,0.5,0.5,67.00,50.10,59.9,343.83, 110752
2026-04-18T04:11:23.336Z,dccm_data_400.bin,asp294his_lig,Rep_1,0.7,0.7,67.00,29.60,60.0,321.64, 52654
2026-04-18T04:11:38.354Z,dccm_data_400.bin,asp294his_lig,Rep_1,0.9,0.9,67.00,18.30,60.0,322.93, 10422
2026-04-18T04:11:55.377Z,dccm_data_800.bin,asp294his_lig,Rep_1,0.1,0.1,40.20,1980.00,59.1,377.89, 710522
2026-04-18T04:12:08.413Z,dccm_data_800.bin,asp294his_lig,Rep_1,0.3,0.3,40.20,55.50,59.9,379.80, 182446
2026-04-18T04:12:23.437Z,dccm_data_800.bin,asp294his_lig,Rep_1,0.5,0.5,40.20,23.20,60.0,308.32, 57686
2026-04-18T04:12:38.453Z,dccm_data_800.bin,asp294his_lig,Rep_1,0.7,0.7,40.20,15.60,60.0,303.04, 27070
2026-04-18T04:12:53.461Z,dccm_data_800.bin,asp294his_lig,Rep_1,0.9,0.9,40.20,7.90,60.0,303.83, 5546
2026-04-18T04:13:10.216Z,dccm_data_1600.bin,asp294his_lig,Rep_1,0.1,0.1,28.90,1721.90,56.4,353.28, 380860
2026-04-18T04:13:23.498Z,dccm_data_1600.bin,asp294his_lig,Rep_1,0.3,0.3,28.90,32.40,60.0,323.47, 114900
2026-04-18T04:13:38.513Z,dccm_data_1600.bin,asp294his_lig,Rep_1,0.5,0.5,28.90,14.90,60.0,307.24, 36034
2026-04-18T04:13:53.520Z,dccm_data_1600.bin,asp294his_lig,Rep_1,0.7,0.7,28.90,6.90,60.0,309.72, 15098
2026-04-18T04:14:08.528Z,dccm_data_1600.bin,asp294his_lig,Rep_1,0.9,0.9,28.90,7.10,60.0,292.07, 3132
2026-04-18T04:14:46.148Z,dccm_data_25.bin,asp294his_lig,Rep_2,0.1,0.1,994.50,21622.90,0,2895.48, 24308772
2026-04-18T04:14:49.057Z,dccm_data_25.bin,asp294his_lig,Rep_2,0.3,0.3,994.50,1965.10,30.1,2221.29, 5916996
2026-04-18T04:15:04.943Z,dccm_data_25.bin,asp294his_lig,Rep_2,0.5,0.5,994.50,639.90,50.2,1492.25, 1571198
2026-04-18T04:15:20.308Z,dccm_data_25.bin,asp294his_lig,Rep_2,0.7,0.7,994.50,364.40,58.8,1279.24, 624488
2026-04-18T04:15:35.522Z,dccm_data_25.bin,asp294his_lig,Rep_2,0.9,0.9,994.50,210.50,59.3,1179.30, 147178
2026-04-18T04:16:00.693Z,dccm_data_50.bin,asp294his_lig,Rep_2,0.1,0.1,361.00,9803.00,28.4,1740.61, 11523342
2026-04-18T04:16:06.674Z,dccm_data_50.bin,asp294his_lig,Rep_2,0.3,0.3,361.00,844.60,47.2,1545.89, 2623626
2026-04-18T04:16:21.988Z,dccm_data_50.bin,asp294his_lig,Rep_2,0.5,0.5,361.00,313.90,58.5,898.18, 782938
2026-04-18T04:16:37.183Z,dccm_data_50.bin,asp294his_lig,Rep_2,0.7,0.7,361.00,189.70,59.3,750.02, 326500
2026-04-18T04:16:52.291Z,dccm_data_50.bin,asp294his_lig,Rep_2,0.9,0.9,361.00,108.50,59.7,704.30, 73702
2026-04-18T04:17:13.134Z,dccm_data_100.bin,asp294his_lig,Rep_2,0.1,0.1,191.20,5645.80,31.2,933.49, 5660010
2026-04-18T04:17:22.891Z,dccm_data_100.bin,asp294his_lig,Rep_2,0.3,0.3,191.20,411.00,56.1,782.78, 1335940
2026-04-18T04:17:38.078Z,dccm_data_100.bin,asp294his_lig,Rep_2,0.5,0.5,191.20,186.60,59.3,557.67, 418036
2026-04-18T04:17:53.169Z,dccm_data_100.bin,asp294his_lig,Rep_2,0.7,0.7,191.20,86.30,59.7,580.32, 174404
2026-04-18T04:18:08.225Z,dccm_data_100.bin,asp294his_lig,Rep_2,0.9,0.9,191.20,56.00,59.9,495.82, 37654
2026-04-18T04:18:26.718Z,dccm_data_200.bin,asp294his_lig,Rep_2,0.1,0.1,115.50,3372.90,47.9,737.64, 2846352
2026-04-18T04:18:38.482Z,dccm_data_200.bin,asp294his_lig,Rep_2,0.3,0.3,115.50,251.70,59.0,607.67, 706594
2026-04-18T04:18:53.588Z,dccm_data_200.bin,asp294his_lig,Rep_2,0.5,0.5,115.50,106.10,59.7,411.24, 227032
2026-04-18T04:19:08.633Z,dccm_data_200.bin,asp294his_lig,Rep_2,0.7,0.7,115.50,44.10,59.9,424.84, 94856
2026-04-18T04:19:23.665Z,dccm_data_200.bin,asp294his_lig,Rep_2,0.9,0.9,115.50,31.60,60.0,375.83, 19468
2026-04-18T04:19:41.246Z,dccm_data_400.bin,asp294his_lig,Rep_2,0.1,0.1,80.00,2498.60,55.0,466.82, 1457016
2026-04-18T04:19:53.777Z,dccm_data_400.bin,asp294his_lig,Rep_2,0.3,0.3,80.00,108.40,59.7,495.17, 410560
2026-04-18T04:20:08.828Z,dccm_data_400.bin,asp294his_lig,Rep_2,0.5,0.5,80.00,51.10,59.9,349.22, 136380
2026-04-18T04:20:23.856Z,dccm_data_400.bin,asp294his_lig,Rep_2,0.7,0.7,80.00,27.70,60.0,332.08, 53364
2026-04-18T04:20:38.874Z,dccm_data_400.bin,asp294his_lig,Rep_2,0.9,0.9,80.00,17.90,60.0,325.08, 10636
2026-04-18T04:20:55.891Z,dccm_data_800.bin,asp294his_lig,Rep_2,0.1,0.1,46.40,1967.90,59.0,427.12, 715812
2026-04-18T04:21:08.947Z,dccm_data_800.bin,asp294his_lig,Rep_2,0.3,0.3,46.40,67.20,59.8,361.66, 223548
2026-04-18T04:21:23.974Z,dccm_data_800.bin,asp294his_lig,Rep_2,0.5,0.5,46.40,27.00,60.0,315.29, 79116
2026-04-18T04:21:38.988Z,dccm_data_800.bin,asp294his_lig,Rep_2,0.7,0.7,46.40,13.80,60.0,305.65, 29262
2026-04-18T04:21:53.997Z,dccm_data_800.bin,asp294his_lig,Rep_2,0.9,0.9,46.40,7.70,60.0,306.57, 5672
2026-04-18T04:22:10.783Z,dccm_data_1600.bin,asp294his_lig,Rep_2,0.1,0.1,38.40,1745.00,56.0,359.76, 376924
2026-04-18T04:22:24.039Z,dccm_data_1600.bin,asp294his_lig,Rep_2,0.3,0.3,38.40,39.10,60.0,323.41, 127958
2026-04-18T04:22:39.053Z,dccm_data_1600.bin,asp294his_lig,Rep_2,0.5,0.5,38.40,13.10,60.0,298.32, 44074
2026-04-18T04:22:54.060Z,dccm_data_1600.bin,asp294his_lig,Rep_2,0.7,0.7,38.40,6.30,60.0,307.94, 16448
2026-04-18T04:23:09.067Z,dccm_data_1600.bin,asp294his_lig,Rep_2,0.9,0.9,38.40,7.10,60.0,288.61, 3224
2026-04-18T04:23:47.040Z,dccm_data_25.bin,asp294his_lig,Rep_3,0.1,0.1,628.20,22342.70,0,3221.22, 25253440
2026-04-18T04:23:51.086Z,dccm_data_25.bin,asp294his_lig,Rep_3,0.3,0.3,628.20,2749.50,21.9,2360.27, 7136794
2026-04-18T04:24:06.901Z,dccm_data_25.bin,asp294his_lig,Rep_3,0.5,0.5,628.20,815.10,44.3,1646.22, 2164804
2026-04-18T04:24:22.324Z,dccm_data_25.bin,asp294his_lig,Rep_3,0.7,0.7,628.20,377.20,56.5,1343.37, 847560
2026-04-18T04:24:37.553Z,dccm_data_25.bin,asp294his_lig,Rep_3,0.9,0.9,628.20,228.30,59.2,1184.05, 174940
2026-04-18T04:25:03.502Z,dccm_data_50.bin,asp294his_lig,Rep_3,0.1,0.1,568.70,10373.60,0,1666.28, 12274978
2026-04-18T04:25:08.732Z,dccm_data_50.bin,asp294his_lig,Rep_3,0.3,0.3,568.70,1056.10,44.2,1394.84, 3529054
2026-04-18T04:25:24.233Z,dccm_data_50.bin,asp294his_lig,Rep_3,0.5,0.5,568.70,432.50,56.7,963.73, 1226176
2026-04-18T04:25:39.483Z,dccm_data_50.bin,asp294his_lig,Rep_3,0.7,0.7,568.70,249.40,59.2,751.81, 496440
2026-04-18T04:25:54.602Z,dccm_data_50.bin,asp294his_lig,Rep_3,0.9,0.9,568.70,118.40,59.6,711.00, 94674
2026-04-18T04:26:15.556Z,dccm_data_100.bin,asp294his_lig,Rep_3,0.1,0.1,194.40,5755.20,35.8,1066.84, 6060230
2026-04-18T04:26:25.181Z,dccm_data_100.bin,asp294his_lig,Rep_3,0.3,0.3,194.40,572.80,55.3,1068.20, 1827528
2026-04-18T04:26:40.430Z,dccm_data_100.bin,asp294his_lig,Rep_3,0.5,0.5,194.40,228.40,58.4,637.57, 690572
2026-04-18T04:26:55.572Z,dccm_data_100.bin,asp294his_lig,Rep_3,0.7,0.7,194.40,141.30,59.5,506.74, 285344
2026-04-18T04:27:10.633Z,dccm_data_100.bin,asp294his_lig,Rep_3,0.9,0.9,194.40,59.10,59.9,522.08, 54320
2026-04-18T04:27:29.257Z,dccm_data_200.bin,asp294his_lig,Rep_3,0.1,0.1,147.80,3472.80,50.3,741.00, 3031540
2026-04-18T04:27:40.971Z,dccm_data_200.bin,asp294his_lig,Rep_3,0.3,0.3,147.80,333.00,58.7,659.84, 950970
2026-04-18T04:27:56.129Z,dccm_data_200.bin,asp294his_lig,Rep_3,0.5,0.5,147.80,152.70,59.4,465.20, 380966
2026-04-18T04:28:11.197Z,dccm_data_200.bin,asp294his_lig,Rep_3,0.7,0.7,147.80,67.30,59.8,474.39, 172480
2026-04-18T04:28:26.231Z,dccm_data_200.bin,asp294his_lig,Rep_3,0.9,0.9,147.80,33.60,59.9,385.86, 31732
2026-04-18T04:28:43.784Z,dccm_data_400.bin,asp294his_lig,Rep_3,0.1,0.1,58.40,2491.40,54.9,524.35, 1554920
2026-04-18T04:28:56.433Z,dccm_data_400.bin,asp294his_lig,Rep_3,0.3,0.3,58.40,197.80,59.3,467.16, 524806
2026-04-18T04:29:11.514Z,dccm_data_400.bin,asp294his_lig,Rep_3,0.5,0.5,58.40,81.50,59.8,365.09, 226242
2026-04-18T04:29:26.573Z,dccm_data_400.bin,asp294his_lig,Rep_3,0.7,0.7,58.40,57.10,59.9,352.81, 111122
2026-04-18T04:29:41.591Z,dccm_data_400.bin,asp294his_lig,Rep_3,0.9,0.9,58.40,17.80,60.0,335.45, 23428
2026-04-18T04:29:58.679Z,dccm_data_800.bin,asp294his_lig,Rep_3,0.1,0.1,42.10,2042.20,59.1,378.76, 762028
2026-04-18T04:30:11.710Z,dccm_data_800.bin,asp294his_lig,Rep_3,0.3,0.3,42.10,115.70,59.6,378.74, 267282
2026-04-18T04:30:26.752Z,dccm_data_800.bin,asp294his_lig,Rep_3,0.5,0.5,42.10,40.80,59.9,317.85, 113838
2026-04-18T04:30:41.778Z,dccm_data_800.bin,asp294his_lig,Rep_3,0.7,0.7,42.10,26.10,60.0,296.82, 53254
2026-04-18T04:30:56.791Z,dccm_data_800.bin,asp294his_lig,Rep_3,0.9,0.9,42.10,12.30,60.0,294.47, 10908
2026-04-18T04:31:13.619Z,dccm_data_1600.bin,asp294his_lig,Rep_3,0.1,0.1,31.40,1793.80,55.9,357.25, 413914
2026-04-18T04:31:26.841Z,dccm_data_1600.bin,asp294his_lig,Rep_3,0.3,0.3,31.40,45.60,59.9,343.66, 169684
2026-04-18T04:31:41.865Z,dccm_data_1600.bin,asp294his_lig,Rep_3,0.5,0.5,31.40,23.70,60.0,292.71, 78424
2026-04-18T04:31:56.882Z,dccm_data_1600.bin,asp294his_lig,Rep_3,0.7,0.7,31.40,17.00,60.0,294.03, 38452
2026-04-18T04:32:11.888Z,dccm_data_1600.bin,asp294his_lig,Rep_3,0.9,0.9,31.40,5.20,60.0,292.21, 7774
2026-04-18T04:32:49.841Z,dccm_data_25.bin,asp294his_lig,Rep_4,0.1,0.1,925.60,22024.50,0,2945.20, 24541076
2026-04-18T04:32:52.967Z,dccm_data_25.bin,asp294his_lig,Rep_4,0.3,0.3,925.60,2112.90,32.9,2444.09, 6012054
2026-04-18T04:33:08.805Z,dccm_data_25.bin,asp294his_lig,Rep_4,0.5,0.5,925.60,700.30,44.7,1479.57, 1640428
2026-04-18T04:33:24.150Z,dccm_data_25.bin,asp294his_lig,Rep_4,0.7,0.7,925.60,345.20,57.7,1296.05, 707244
2026-04-18T04:33:39.363Z,dccm_data_25.bin,asp294his_lig,Rep_4,0.9,0.9,925.60,212.30,59.3,1185.05, 152968
2026-04-18T04:34:04.865Z,dccm_data_50.bin,asp294his_lig,Rep_4,0.1,0.1,543.80,9950.70,24.6,1780.44, 11705074
2026-04-18T04:34:10.212Z,dccm_data_50.bin,asp294his_lig,Rep_4,0.3,0.3,543.80,840.60,42.2,1464.30, 2661898
2026-04-18T04:34:25.554Z,dccm_data_50.bin,asp294his_lig,Rep_4,0.5,0.5,543.80,284.70,57.0,910.03, 803862
2026-04-18T04:34:40.737Z,dccm_data_50.bin,asp294his_lig,Rep_4,0.7,0.7,543.80,181.10,59.4,761.93, 370714
2026-04-18T04:34:55.852Z,dccm_data_50.bin,asp294his_lig,Rep_4,0.9,0.9,543.80,108.60,59.7,716.15, 76566
2026-04-18T04:35:16.751Z,dccm_data_100.bin,asp294his_lig,Rep_4,0.1,0.1,259.90,5633.30,40.0,879.31, 5780270
2026-04-18T04:35:26.262Z,dccm_data_100.bin,asp294his_lig,Rep_4,0.3,0.3,259.90,403.30,56.5,995.86, 1334140
2026-04-18T04:35:41.419Z,dccm_data_100.bin,asp294his_lig,Rep_4,0.5,0.5,259.90,148.90,59.0,754.83, 419748
2026-04-18T04:35:56.517Z,dccm_data_100.bin,asp294his_lig,Rep_4,0.7,0.7,259.90,97.50,59.7,517.61, 199490
2026-04-18T04:36:11.578Z,dccm_data_100.bin,asp294his_lig,Rep_4,0.9,0.9,259.90,57.80,59.9,497.91, 39548
2026-04-18T04:36:30.254Z,dccm_data_200.bin,asp294his_lig,Rep_4,0.1,0.1,122.50,3550.30,48.8,756.30, 2925584
2026-04-18T04:36:41.785Z,dccm_data_200.bin,asp294his_lig,Rep_4,0.3,0.3,122.50,201.80,59.3,645.61, 696566
2026-04-18T04:36:56.867Z,dccm_data_200.bin,asp294his_lig,Rep_4,0.5,0.5,122.50,82.10,59.8,442.18, 224372
2026-04-18T04:37:11.924Z,dccm_data_200.bin,asp294his_lig,Rep_4,0.7,0.7,122.50,56.00,59.9,387.95, 107348
2026-04-18T04:37:26.953Z,dccm_data_200.bin,asp294his_lig,Rep_4,0.9,0.9,122.50,29.20,60.0,389.55, 20814
2026-04-18T04:37:44.413Z,dccm_data_400.bin,asp294his_lig,Rep_4,0.1,0.1,58.60,2398.40,59.0,528.06, 1509640
2026-04-18T04:37:57.066Z,dccm_data_400.bin,asp294his_lig,Rep_4,0.3,0.3,58.60,109.60,59.7,465.82, 392330
2026-04-18T04:38:12.114Z,dccm_data_400.bin,asp294his_lig,Rep_4,0.5,0.5,58.60,47.80,59.9,346.34, 124546
2026-04-18T04:38:27.143Z,dccm_data_400.bin,asp294his_lig,Rep_4,0.7,0.7,58.60,28.40,60.0,332.68, 58574
2026-04-18T04:38:42.162Z,dccm_data_400.bin,asp294his_lig,Rep_4,0.9,0.9,58.60,17.80,60.0,326.45, 11290
2026-04-18T04:38:59.183Z,dccm_data_800.bin,asp294his_lig,Rep_4,0.1,0.1,36.20,1982.20,55.1,386.59, 728330
2026-04-18T04:39:12.222Z,dccm_data_800.bin,asp294his_lig,Rep_4,0.3,0.3,36.20,56.80,59.9,414.88, 189506
2026-04-18T04:39:27.246Z,dccm_data_800.bin,asp294his_lig,Rep_4,0.5,0.5,36.20,23.60,60.0,311.22, 62406
2026-04-18T04:39:42.263Z,dccm_data_800.bin,asp294his_lig,Rep_4,0.7,0.7,36.20,16.30,60.0,304.76, 30036
2026-04-18T04:39:57.270Z,dccm_data_800.bin,asp294his_lig,Rep_4,0.9,0.9,36.20,6.40,60.0,305.51, 5872
2026-04-18T04:40:14.035Z,dccm_data_1600.bin,asp294his_lig,Rep_4,0.1,0.1,28.80,1734.00,56.1,344.23, 372664
2026-04-18T04:40:27.305Z,dccm_data_1600.bin,asp294his_lig,Rep_4,0.3,0.3,28.80,31.90,60.0,317.12, 98448
2026-04-18T04:40:42.317Z,dccm_data_1600.bin,asp294his_lig,Rep_4,0.5,0.5,28.80,12.20,60.0,302.85, 32542
2026-04-18T04:40:57.325Z,dccm_data_1600.bin,asp294his_lig,Rep_4,0.7,0.7,28.80,7.00,60.0,300.17, 15862
2026-04-18T04:41:12.333Z,dccm_data_1600.bin,asp294his_lig,Rep_4,0.9,0.9,28.80,7.30,60.0,291.41, 3210
2026-04-18T04:41:49.756Z,dccm_data_25.bin,asp294his_lig,Rep_5,0.1,0.1,748.20,21672.50,0,3060.02, 24367072
2026-04-18T04:41:52.859Z,dccm_data_25.bin,asp294his_lig,Rep_5,0.3,0.3,748.20,2086.70,34.6,2266.61, 5894782
2026-04-18T04:42:08.507Z,dccm_data_25.bin,asp294his_lig,Rep_5,0.5,0.5,748.20,647.80,45.8,1515.25, 1611106
2026-04-18T04:42:23.884Z,dccm_data_25.bin,asp294his_lig,Rep_5,0.7,0.7,748.20,332.90,57.3,1547.43, 677994
2026-04-18T04:42:39.099Z,dccm_data_25.bin,asp294his_lig,Rep_5,0.9,0.9,748.20,211.10,59.3,1182.69, 151346
2026-04-18T04:43:04.450Z,dccm_data_50.bin,asp294his_lig,Rep_5,0.1,0.1,462.50,9881.40,0,1853.87, 11709416
2026-04-18T04:43:10.015Z,dccm_data_50.bin,asp294his_lig,Rep_5,0.3,0.3,462.50,908.90,43.4,1774.11, 2711564
2026-04-18T04:43:25.375Z,dccm_data_50.bin,asp294his_lig,Rep_5,0.5,0.5,462.50,291.20,57.1,942.20, 825612
2026-04-18T04:43:40.551Z,dccm_data_50.bin,asp294his_lig,Rep_5,0.7,0.7,462.50,175.30,59.4,776.59, 359544
2026-04-18T04:43:55.663Z,dccm_data_50.bin,asp294his_lig,Rep_5,0.9,0.9,462.50,109.90,59.7,716.15, 76794
2026-04-18T04:44:16.549Z,dccm_data_100.bin,asp294his_lig,Rep_5,0.1,0.1,202.90,5674.80,36.8,1043.88, 5863726
2026-04-18T04:44:26.144Z,dccm_data_100.bin,asp294his_lig,Rep_5,0.3,0.3,202.90,472.60,56.2,920.53, 1426718
2026-04-18T04:44:41.330Z,dccm_data_100.bin,asp294his_lig,Rep_5,0.5,0.5,202.90,153.10,58.7,601.63, 444010
2026-04-18T04:44:56.424Z,dccm_data_100.bin,asp294his_lig,Rep_5,0.7,0.7,202.90,93.60,59.7,517.68, 194574
2026-04-18T04:45:11.478Z,dccm_data_100.bin,asp294his_lig,Rep_5,0.9,0.9,202.90,53.60,59.9,496.66, 40076
2026-04-18T04:45:30.273Z,dccm_data_200.bin,asp294his_lig,Rep_5,0.1,0.1,158.20,3633.00,47.9,655.66, 2967236
2026-04-18T04:45:41.704Z,dccm_data_200.bin,asp294his_lig,Rep_5,0.3,0.3,158.20,222.40,59.2,701.21, 760804
2026-04-18T04:45:56.792Z,dccm_data_200.bin,asp294his_lig,Rep_5,0.5,0.5,158.20,86.90,59.7,539.27, 242818
2026-04-18T04:46:11.845Z,dccm_data_200.bin,asp294his_lig,Rep_5,0.7,0.7,158.20,52.40,59.9,389.56, 105398
2026-04-18T04:46:26.877Z,dccm_data_200.bin,asp294his_lig,Rep_5,0.9,0.9,158.20,31.50,60.0,388.70, 21308
2026-04-18T04:46:44.472Z,dccm_data_400.bin,asp294his_lig,Rep_5,0.1,0.1,71.30,2520.70,58.7,520.22, 1519620
2026-04-18T04:46:57.004Z,dccm_data_400.bin,asp294his_lig,Rep_5,0.3,0.3,71.30,123.60,59.6,475.32, 431764
2026-04-18T04:47:12.051Z,dccm_data_400.bin,asp294his_lig,Rep_5,0.5,0.5,71.30,46.50,59.9,355.03, 140836
2026-04-18T04:47:27.082Z,dccm_data_400.bin,asp294his_lig,Rep_5,0.7,0.7,71.30,30.20,60.0,334.61, 59230
2026-04-18T04:47:42.102Z,dccm_data_400.bin,asp294his_lig,Rep_5,0.9,0.9,71.30,20.20,60.0,328.60, 11814
2026-04-18T04:47:59.069Z,dccm_data_800.bin,asp294his_lig,Rep_5,0.1,0.1,41.70,1922.00,59.1,398.33, 744884
2026-04-18T04:48:12.171Z,dccm_data_800.bin,asp294his_lig,Rep_5,0.3,0.3,41.70,65.40,59.9,389.85, 206144
2026-04-18T04:48:27.196Z,dccm_data_800.bin,asp294his_lig,Rep_5,0.5,0.5,41.70,25.10,60.0,313.03, 65854
2026-04-18T04:48:42.213Z,dccm_data_800.bin,asp294his_lig,Rep_5,0.7,0.7,41.70,16.00,60.0,305.47, 29020
2026-04-18T04:48:57.221Z,dccm_data_800.bin,asp294his_lig,Rep_5,0.9,0.9,41.70,8.10,60.0,306.04, 5844
2026-04-18T04:49:14.107Z,dccm_data_1600.bin,asp294his_lig,Rep_5,0.1,0.1,23.20,1859.90,56.0,349.31, 407380
2026-04-18T04:49:27.263Z,dccm_data_1600.bin,asp294his_lig,Rep_5,0.3,0.3,23.20,38.70,60.0,330.44, 141190
2026-04-18T04:49:42.278Z,dccm_data_1600.bin,asp294his_lig,Rep_5,0.5,0.5,23.20,14.60,60.0,312.40, 48134
2026-04-18T04:49:57.288Z,dccm_data_1600.bin,asp294his_lig,Rep_5,0.7,0.7,23.20,9.90,60.0,314.32, 18270
2026-04-18T04:50:12.295Z,dccm_data_1600.bin,asp294his_lig,Rep_5,0.9,0.9,23.20,7.10,60.0,292.16, 3864
2026-04-18T04:50:50.620Z,dccm_data_25.bin,asp84glu,Rep_1,0.1,0.1,1005.30,22316.90,0,2970.69, 24432200
2026-04-18T04:50:53.586Z,dccm_data_25.bin,asp84glu,Rep_1,0.3,0.3,1005.30,1976.90,35.8,2381.98, 5979634
2026-04-18T04:51:09.259Z,dccm_data_25.bin,asp84glu,Rep_1,0.5,0.5,1005.30,672.60,44.7,1563.91, 1671294
2026-04-18T04:51:24.677Z,dccm_data_25.bin,asp84glu,Rep_1,0.7,0.7,1005.30,382.60,57.4,1295.84, 712078
2026-04-18T04:51:39.896Z,dccm_data_25.bin,asp84glu,Rep_1,0.9,0.9,1005.30,212.40,59.3,1224.42, 152706
2026-04-18T04:52:05.127Z,dccm_data_50.bin,asp84glu,Rep_1,0.1,0.1,338.00,9882.20,13.6,1769.74, 11644796
2026-04-18T04:52:10.770Z,dccm_data_50.bin,asp84glu,Rep_1,0.3,0.3,338.00,862.70,42.6,1575.17, 2714204
2026-04-18T04:52:26.138Z,dccm_data_50.bin,asp84glu,Rep_1,0.5,0.5,338.00,312.10,56.8,923.09, 853896
2026-04-18T04:52:41.349Z,dccm_data_50.bin,asp84glu,Rep_1,0.7,0.7,338.00,210.20,59.3,761.76, 378546
2026-04-18T04:52:56.462Z,dccm_data_50.bin,asp84glu,Rep_1,0.9,0.9,338.00,112.60,59.7,741.51, 77396
2026-04-18T04:53:17.053Z,dccm_data_100.bin,asp84glu,Rep_1,0.1,0.1,169.00,5417.30,40.1,1250.62, 5759678
2026-04-18T04:53:26.893Z,dccm_data_100.bin,asp84glu,Rep_1,0.3,0.3,169.00,426.00,55.6,775.75, 1383866
2026-04-18T04:53:42.115Z,dccm_data_100.bin,asp84glu,Rep_1,0.5,0.5,169.00,189.00,58.8,558.90, 451920
2026-04-18T04:53:57.228Z,dccm_data_100.bin,asp84glu,Rep_1,0.7,0.7,169.00,112.20,59.7,511.86, 203208
2026-04-18T04:54:12.288Z,dccm_data_100.bin,asp84glu,Rep_1,0.9,0.9,169.00,60.00,59.9,483.28, 40078
2026-04-18T04:54:30.979Z,dccm_data_200.bin,asp84glu,Rep_1,0.1,0.1,152.90,3532.40,48.5,794.91, 2878844
2026-04-18T04:54:42.565Z,dccm_data_200.bin,asp84glu,Rep_1,0.3,0.3,152.90,270.90,58.9,600.70, 731010
2026-04-18T04:54:57.679Z,dccm_data_200.bin,asp84glu,Rep_1,0.5,0.5,152.90,113.80,59.6,420.35, 250918
2026-04-18T04:55:12.731Z,dccm_data_200.bin,asp84glu,Rep_1,0.7,0.7,152.90,51.60,59.9,388.84, 113184
2026-04-18T04:55:27.763Z,dccm_data_200.bin,asp84glu,Rep_1,0.9,0.9,152.90,31.90,59.9,387.60, 21502
2026-04-18T04:55:45.320Z,dccm_data_400.bin,asp84glu,Rep_1,0.1,0.1,65.80,2488.70,58.4,527.49, 1511326
2026-04-18T04:55:57.928Z,dccm_data_400.bin,asp84glu,Rep_1,0.3,0.3,65.80,161.40,59.4,450.20, 439978
2026-04-18T04:56:12.976Z,dccm_data_400.bin,asp84glu,Rep_1,0.5,0.5,65.80,48.30,59.9,370.28, 147422
2026-04-18T04:56:28.014Z,dccm_data_400.bin,asp84glu,Rep_1,0.7,0.7,65.80,37.10,59.9,323.97, 62592
2026-04-18T04:56:43.035Z,dccm_data_400.bin,asp84glu,Rep_1,0.9,0.9,65.80,20.40,60.0,316.14, 11996
2026-04-18T04:57:00.135Z,dccm_data_800.bin,asp84glu,Rep_1,0.1,0.1,29.20,2068.60,55.0,425.02, 737998
2026-04-18T04:57:13.129Z,dccm_data_800.bin,asp84glu,Rep_1,0.3,0.3,29.20,91.40,59.7,363.14, 216150
2026-04-18T04:57:28.159Z,dccm_data_800.bin,asp84glu,Rep_1,0.5,0.5,29.20,29.30,60.0,303.67, 72588
2026-04-18T04:57:43.177Z,dccm_data_800.bin,asp84glu,Rep_1,0.7,0.7,29.20,17.30,60.0,295.52, 31710
2026-04-18T04:57:58.189Z,dccm_data_800.bin,asp84glu,Rep_1,0.9,0.9,29.20,11.90,60.0,285.51, 6292
2026-04-18T04:58:14.924Z,dccm_data_1600.bin,asp84glu,Rep_1,0.1,0.1,10.00,1722.10,56.0,341.59, 386344
2026-04-18T04:58:28.243Z,dccm_data_1600.bin,asp84glu,Rep_1,0.3,0.3,10.00,51.00,59.9,319.58, 117464
2026-04-18T04:58:43.260Z,dccm_data_1600.bin,asp84glu,Rep_1,0.5,0.5,10.00,15.70,60.0,303.57, 38780
2026-04-18T04:58:58.271Z,dccm_data_1600.bin,asp84glu,Rep_1,0.7,0.7,10.00,11.20,60.0,276.54, 16658
2026-04-18T04:59:13.276Z,dccm_data_1600.bin,asp84glu,Rep_1,0.9,0.9,10.00,4.00,60.0,288.27, 3448
2026-04-18T04:59:52.729Z,dccm_data_25.bin,asp84glu,Rep_2,0.1,0.1,962.30,23487.80,0,3043.04, 26036984
2026-04-18T04:59:56.564Z,dccm_data_25.bin,asp84glu,Rep_2,0.3,0.3,962.30,2901.50,19.5,3075.92, 8400660
2026-04-18T05:00:12.778Z,dccm_data_25.bin,asp84glu,Rep_2,0.5,0.5,962.30,1076.80,45.4,1791.16, 2878210
2026-04-18T05:00:28.216Z,dccm_data_25.bin,asp84glu,Rep_2,0.7,0.7,962.30,437.40,55.3,1410.96, 1074054
2026-04-18T05:00:43.471Z,dccm_data_25.bin,asp84glu,Rep_2,0.9,0.9,962.30,221.70,58.8,1223.94, 202718
2026-04-18T05:01:09.435Z,dccm_data_50.bin,asp84glu,Rep_2,0.1,0.1,334.80,10621.70,21.6,1732.21, 12734420
2026-04-18T05:01:15.061Z,dccm_data_50.bin,asp84glu,Rep_2,0.3,0.3,334.80,1273.20,43.0,1775.70, 4228318
2026-04-18T05:01:30.570Z,dccm_data_50.bin,asp84glu,Rep_2,0.5,0.5,334.80,505.90,54.7,1085.30, 1658112
2026-04-18T05:01:45.851Z,dccm_data_50.bin,asp84glu,Rep_2,0.7,0.7,334.80,254.20,58.3,838.05, 657820
2026-04-18T05:02:00.965Z,dccm_data_50.bin,asp84glu,Rep_2,0.9,0.9,334.80,114.00,59.6,752.58, 121052
2026-04-18T05:02:21.901Z,dccm_data_100.bin,asp84glu,Rep_2,0.1,0.1,168.20,5762.20,29.4,1104.22, 6354464
2026-04-18T05:02:31.632Z,dccm_data_100.bin,asp84glu,Rep_2,0.3,0.3,168.20,661.40,54.1,1126.18, 2202438
2026-04-18T05:02:46.944Z,dccm_data_100.bin,asp84glu,Rep_2,0.5,0.5,168.20,311.10,58.9,709.03, 913606
2026-04-18T05:03:02.079Z,dccm_data_100.bin,asp84glu,Rep_2,0.7,0.7,168.20,134.80,59.5,567.34, 376564
2026-04-18T05:03:17.145Z,dccm_data_100.bin,asp84glu,Rep_2,0.9,0.9,168.20,66.10,59.8,492.15, 69134
2026-04-18T05:03:35.920Z,dccm_data_200.bin,asp84glu,Rep_2,0.1,0.1,147.10,3624.30,47.2,667.10, 3254036
2026-04-18T05:03:47.507Z,dccm_data_200.bin,asp84glu,Rep_2,0.3,0.3,147.10,357.90,58.5,654.74, 1176412
2026-04-18T05:04:02.654Z,dccm_data_200.bin,asp84glu,Rep_2,0.5,0.5,147.10,146.40,59.5,495.81, 494476
2026-04-18T05:04:17.738Z,dccm_data_200.bin,asp84glu,Rep_2,0.7,0.7,147.10,84.00,59.8,411.25, 208362
2026-04-18T05:04:32.773Z,dccm_data_200.bin,asp84glu,Rep_2,0.9,0.9,147.10,34.70,60.0,390.49, 39468
2026-04-18T05:04:50.446Z,dccm_data_400.bin,asp84glu,Rep_2,0.1,0.1,65.70,2604.00,58.9,581.78, 1669360
2026-04-18T05:05:02.964Z,dccm_data_400.bin,asp84glu,Rep_2,0.3,0.3,65.70,187.30,59.3,494.89, 643070
2026-04-18T05:05:18.063Z,dccm_data_400.bin,asp84glu,Rep_2,0.5,0.5,65.70,98.60,59.7,435.87, 278400
2026-04-18T05:05:33.107Z,dccm_data_400.bin,asp84glu,Rep_2,0.7,0.7,65.70,43.50,59.9,363.30, 118480
2026-04-18T05:05:48.131Z,dccm_data_400.bin,asp84glu,Rep_2,0.9,0.9,65.70,23.60,60.0,319.91, 22994
2026-04-18T05:06:05.307Z,dccm_data_800.bin,asp84glu,Rep_2,0.1,0.1,83.90,2089.80,59.1,371.13, 825202
2026-04-18T05:06:18.240Z,dccm_data_800.bin,asp84glu,Rep_2,0.3,0.3,83.90,106.70,59.7,402.01, 351416
2026-04-18T05:06:33.281Z,dccm_data_800.bin,asp84glu,Rep_2,0.5,0.5,83.90,40.60,59.9,346.93, 153252
2026-04-18T05:06:48.309Z,dccm_data_800.bin,asp84glu,Rep_2,0.7,0.7,83.90,27.30,60.0,303.87, 63368
2026-04-18T05:07:03.322Z,dccm_data_800.bin,asp84glu,Rep_2,0.9,0.9,83.90,12.60,60.0,296.83, 12526
2026-04-18T05:07:20.061Z,dccm_data_1600.bin,asp84glu,Rep_2,0.1,0.1,24.70,1711.30,55.8,363.75, 435596
2026-04-18T05:07:33.384Z,dccm_data_1600.bin,asp84glu,Rep_2,0.3,0.3,24.70,59.30,59.9,354.50, 202752
2026-04-18T05:07:48.414Z,dccm_data_1600.bin,asp84glu,Rep_2,0.5,0.5,24.70,29.70,60.0,303.34, 93876
2026-04-18T05:08:03.435Z,dccm_data_1600.bin,asp84glu,Rep_2,0.7,0.7,24.70,20.40,60.0,282.67, 42776
2026-04-18T05:08:18.443Z,dccm_data_1600.bin,asp84glu,Rep_2,0.9,0.9,24.70,7.20,60.0,280.38, 8236
2026-04-18T05:08:55.940Z,dccm_data_25.bin,asp84glu,Rep_3,0.1,0.1,590.00,21904.90,0,2978.02, 24422956
2026-04-18T05:08:59.345Z,dccm_data_25.bin,asp84glu,Rep_3,0.3,0.3,590.00,2060.30,33.4,2516.39, 6051416
2026-04-18T05:09:15.019Z,dccm_data_25.bin,asp84glu,Rep_3,0.5,0.5,590.00,670.30,46.6,1562.92, 1677736
2026-04-18T05:09:30.468Z,dccm_data_25.bin,asp84glu,Rep_3,0.7,0.7,590.00,386.00,57.5,1283.49, 686848
2026-04-18T05:09:45.680Z,dccm_data_25.bin,asp84glu,Rep_3,0.9,0.9,590.00,211.40,59.3,1227.29, 151064
2026-04-18T05:10:11.183Z,dccm_data_50.bin,asp84glu,Rep_3,0.1,0.1,556.90,9938.90,12.7,1680.37, 11625650
2026-04-18T05:10:16.799Z,dccm_data_50.bin,asp84glu,Rep_3,0.3,0.3,556.90,846.60,47.0,1366.67, 2715378
2026-04-18T05:10:32.228Z,dccm_data_50.bin,asp84glu,Rep_3,0.5,0.5,556.90,354.80,57.9,859.31, 838444
2026-04-18T05:10:47.397Z,dccm_data_50.bin,asp84glu,Rep_3,0.7,0.7,556.90,168.60,59.3,891.99, 361716
2026-04-18T05:11:02.516Z,dccm_data_50.bin,asp84glu,Rep_3,0.9,0.9,556.90,118.60,59.6,702.41, 76340
2026-04-18T05:11:23.307Z,dccm_data_100.bin,asp84glu,Rep_3,0.1,0.1,250.60,5533.90,34.5,1212.66, 5734364
2026-04-18T05:11:32.944Z,dccm_data_100.bin,asp84glu,Rep_3,0.3,0.3,250.60,421.30,57.5,785.10, 1364290
2026-04-18T05:11:48.134Z,dccm_data_100.bin,asp84glu,Rep_3,0.5,0.5,250.60,189.30,59.2,548.86, 438340
2026-04-18T05:12:03.222Z,dccm_data_100.bin,asp84glu,Rep_3,0.7,0.7,250.60,86.90,59.8,580.20, 194426
2026-04-18T05:12:18.279Z,dccm_data_100.bin,asp84glu,Rep_3,0.9,0.9,250.60,56.80,59.9,496.95, 39822
2026-04-18T05:12:36.807Z,dccm_data_200.bin,asp84glu,Rep_3,0.1,0.1,139.90,3383.30,47.8,780.59, 2950448
2026-04-18T05:12:48.554Z,dccm_data_200.bin,asp84glu,Rep_3,0.3,0.3,139.90,270.00,58.9,633.81, 757256
2026-04-18T05:13:03.639Z,dccm_data_200.bin,asp84glu,Rep_3,0.5,0.5,139.90,84.90,59.7,447.39, 246544
2026-04-18T05:13:18.700Z,dccm_data_200.bin,asp84glu,Rep_3,0.7,0.7,139.90,60.60,59.9,388.43, 107418
2026-04-18T05:13:33.733Z,dccm_data_200.bin,asp84glu,Rep_3,0.9,0.9,139.90,32.90,60.0,370.05, 21210
2026-04-18T05:13:51.348Z,dccm_data_400.bin,asp84glu,Rep_3,0.1,0.1,73.60,2538.00,55.0,526.56, 1535484
2026-04-18T05:14:03.895Z,dccm_data_400.bin,asp84glu,Rep_3,0.3,0.3,73.60,157.80,59.5,452.48, 433902
2026-04-18T05:14:18.942Z,dccm_data_400.bin,asp84glu,Rep_3,0.5,0.5,73.60,46.90,59.9,364.66, 138440
2026-04-18T05:14:33.979Z,dccm_data_400.bin,asp84glu,Rep_3,0.7,0.7,73.60,36.40,60.0,321.66, 58466
2026-04-18T05:14:49.000Z,dccm_data_400.bin,asp84glu,Rep_3,0.9,0.9,73.60,20.70,60.0,316.08, 11576
2026-04-18T05:15:06.085Z,dccm_data_800.bin,asp84glu,Rep_3,0.1,0.1,23.70,2057.90,59.2,416.76, 759156
2026-04-18T05:15:19.100Z,dccm_data_800.bin,asp84glu,Rep_3,0.3,0.3,23.70,96.40,59.7,369.56, 227636
2026-04-18T05:15:34.131Z,dccm_data_800.bin,asp84glu,Rep_3,0.5,0.5,23.70,31.30,60.0,305.69, 74898
2026-04-18T05:15:49.154Z,dccm_data_800.bin,asp84glu,Rep_3,0.7,0.7,23.70,21.90,60.0,289.91, 31492
2026-04-18T05:16:04.164Z,dccm_data_800.bin,asp84glu,Rep_3,0.9,0.9,23.70,10.20,60.0,285.52, 6368
2026-04-18T05:16:20.971Z,dccm_data_1600.bin,asp84glu,Rep_3,0.1,0.1,24.10,1779.70,56.0,358.23, 396294
2026-04-18T05:16:34.231Z,dccm_data_1600.bin,asp84glu,Rep_3,0.3,0.3,24.10,63.60,59.8,338.46, 132926
2026-04-18T05:16:49.246Z,dccm_data_1600.bin,asp84glu,Rep_3,0.5,0.5,24.10,14.10,60.0,323.97, 43638
2026-04-18T05:17:04.258Z,dccm_data_1600.bin,asp84glu,Rep_3,0.7,0.7,24.10,11.70,60.0,278.63, 18186
2026-04-18T05:17:19.262Z,dccm_data_1600.bin,asp84glu,Rep_3,0.9,0.9,24.10,4.20,60.0,290.49, 3754
2026-04-18T05:17:56.335Z,dccm_data_25.bin,asp84glu,Rep_4,0.1,0.1,869.70,21200.70,0,2851.86, 23977800
2026-04-18T05:17:59.053Z,dccm_data_25.bin,asp84glu,Rep_4,0.3,0.3,869.70,1767.20,32.6,2803.85, 5469040
2026-04-18T05:18:14.720Z,dccm_data_25.bin,asp84glu,Rep_4,0.5,0.5,869.70,661.10,47.9,1442.61, 1550540
2026-04-18T05:18:30.155Z,dccm_data_25.bin,asp84glu,Rep_4,0.7,0.7,869.70,392.60,57.6,1208.86, 700128
2026-04-18T05:18:45.359Z,dccm_data_25.bin,asp84glu,Rep_4,0.9,0.9,869.70,203.70,59.4,1233.40, 148928
2026-04-18T05:19:10.567Z,dccm_data_50.bin,asp84glu,Rep_4,0.1,0.1,443.80,9756.70,22.0,1689.62, 11317100
2026-04-18T05:19:16.458Z,dccm_data_50.bin,asp84glu,Rep_4,0.3,0.3,443.80,756.90,47.5,1318.84, 2352462
2026-04-18T05:19:31.755Z,dccm_data_50.bin,asp84glu,Rep_4,0.5,0.5,443.80,296.70,58.7,816.21, 761082
2026-04-18T05:19:46.960Z,dccm_data_50.bin,asp84glu,Rep_4,0.7,0.7,443.80,203.10,59.3,754.69, 366514
2026-04-18T05:20:02.080Z,dccm_data_50.bin,asp84glu,Rep_4,0.9,0.9,443.80,117.20,59.7,702.92, 74318
2026-04-18T05:20:22.846Z,dccm_data_100.bin,asp84glu,Rep_4,0.1,0.1,239.40,5522.00,31.9,968.59, 5598656
2026-04-18T05:20:32.474Z,dccm_data_100.bin,asp84glu,Rep_4,0.3,0.3,239.40,388.90,57.5,911.61, 1193176
2026-04-18T05:20:47.633Z,dccm_data_100.bin,asp84glu,Rep_4,0.5,0.5,239.40,147.00,59.5,572.42, 402194
2026-04-18T05:21:02.725Z,dccm_data_100.bin,asp84glu,Rep_4,0.7,0.7,239.40,91.10,59.7,517.86, 197652
2026-04-18T05:21:17.785Z,dccm_data_100.bin,asp84glu,Rep_4,0.9,0.9,239.40,58.80,59.9,477.15, 38800
2026-04-18T05:21:36.427Z,dccm_data_200.bin,asp84glu,Rep_4,0.1,0.1,124.10,3514.30,46.8,666.68, 2848822
2026-04-18T05:21:48.008Z,dccm_data_200.bin,asp84glu,Rep_4,0.3,0.3,124.10,218.80,59.1,611.11, 637350
2026-04-18T05:22:03.090Z,dccm_data_200.bin,asp84glu,Rep_4,0.5,0.5,124.10,80.60,59.7,420.63, 220064
2026-04-18T05:22:18.151Z,dccm_data_200.bin,asp84glu,Rep_4,0.7,0.7,124.10,61.50,59.9,382.93, 107478
2026-04-18T05:22:33.184Z,dccm_data_200.bin,asp84glu,Rep_4,0.9,0.9,124.10,32.20,59.9,369.78, 20780
2026-04-18T05:22:50.662Z,dccm_data_400.bin,asp84glu,Rep_4,0.1,0.1,59.60,2414.80,59.0,496.59, 1433228
2026-04-18T05:23:03.290Z,dccm_data_400.bin,asp84glu,Rep_4,0.3,0.3,59.60,101.70,59.7,463.49, 339720
2026-04-18T05:23:18.343Z,dccm_data_400.bin,asp84glu,Rep_4,0.5,0.5,59.60,52.80,59.9,344.70, 118394
2026-04-18T05:23:33.374Z,dccm_data_400.bin,asp84glu,Rep_4,0.7,0.7,59.60,30.70,60.0,323.63, 57618
2026-04-18T05:23:48.395Z,dccm_data_400.bin,asp84glu,Rep_4,0.9,0.9,59.60,20.00,60.0,328.60, 11232
2026-04-18T05:24:05.441Z,dccm_data_800.bin,asp84glu,Rep_4,0.1,0.1,45.20,1997.80,59.1,396.92, 666236
2026-04-18T05:24:18.440Z,dccm_data_800.bin,asp84glu,Rep_4,0.3,0.3,45.20,42.00,59.9,367.99, 154682
2026-04-18T05:24:33.465Z,dccm_data_800.bin,asp84glu,Rep_4,0.5,0.5,45.20,24.90,60.0,306.04, 55980
2026-04-18T05:24:48.482Z,dccm_data_800.bin,asp84glu,Rep_4,0.7,0.7,45.20,15.80,60.0,301.54, 28446
2026-04-18T05:25:03.489Z,dccm_data_800.bin,asp84glu,Rep_4,0.9,0.9,45.20,6.20,60.0,302.17, 5668
2026-04-18T05:25:20.288Z,dccm_data_1600.bin,asp84glu,Rep_4,0.1,0.1,31.80,1765.00,55.7,345.76, 346810
2026-04-18T05:25:33.523Z,dccm_data_1600.bin,asp84glu,Rep_4,0.3,0.3,31.80,31.10,60.0,311.40, 92482
2026-04-18T05:25:48.537Z,dccm_data_1600.bin,asp84glu,Rep_4,0.5,0.5,31.80,13.60,60.0,297.07, 31470
2026-04-18T05:26:03.544Z,dccm_data_1600.bin,asp84glu,Rep_4,0.7,0.7,31.80,6.40,60.0,299.06, 15210
2026-04-18T05:26:18.551Z,dccm_data_1600.bin,asp84glu,Rep_4,0.9,0.9,31.80,6.90,60.0,284.13, 3290
2026-04-18T05:26:57.398Z,dccm_data_25.bin,asp84glu,Rep_5,0.1,0.1,688.80,23155.20,0,2968.02, 25425984
2026-04-18T05:27:01.247Z,dccm_data_25.bin,asp84glu,Rep_5,0.3,0.3,688.80,2483.70,23.0,2818.77, 7252554
2026-04-18T05:27:17.085Z,dccm_data_25.bin,asp84glu,Rep_5,0.5,0.5,688.80,837.60,42.0,1674.68, 2217736
2026-04-18T05:27:32.474Z,dccm_data_25.bin,asp84glu,Rep_5,0.7,0.7,688.80,389.10,56.2,1348.53, 889496
2026-04-18T05:27:47.704Z,dccm_data_25.bin,asp84glu,Rep_5,0.9,0.9,688.80,229.50,59.2,1190.50, 178506
2026-04-18T05:28:13.343Z,dccm_data_50.bin,asp84glu,Rep_5,0.1,0.1,442.40,10188.40,0,1901.85, 12313038
2026-04-18T05:28:18.844Z,dccm_data_50.bin,asp84glu,Rep_5,0.3,0.3,442.40,1132.00,40.4,1898.31, 3468666
2026-04-18T05:28:34.345Z,dccm_data_50.bin,asp84glu,Rep_5,0.5,0.5,442.40,471.90,56.3,950.87, 1178822
2026-04-18T05:28:49.589Z,dccm_data_50.bin,asp84glu,Rep_5,0.7,0.7,442.40,243.30,59.2,763.82, 480224
2026-04-18T05:29:04.703Z,dccm_data_50.bin,asp84glu,Rep_5,0.9,0.9,442.40,105.90,59.7,772.56, 92950
2026-04-18T05:29:25.666Z,dccm_data_100.bin,asp84glu,Rep_5,0.1,0.1,253.70,5703.50,38.9,1051.73, 6120040
2026-04-18T05:29:35.197Z,dccm_data_100.bin,asp84glu,Rep_5,0.3,0.3,253.70,487.80,54.1,1032.47, 1783164
2026-04-18T05:29:50.455Z,dccm_data_100.bin,asp84glu,Rep_5,0.5,0.5,253.70,257.80,58.9,621.79, 642808
2026-04-18T05:30:05.564Z,dccm_data_100.bin,asp84glu,Rep_5,0.7,0.7,253.70,108.50,59.6,651.16, 271296
2026-04-18T05:30:20.623Z,dccm_data_100.bin,asp84glu,Rep_5,0.9,0.9,253.70,58.80,59.9,506.48, 51666
2026-04-18T05:30:39.480Z,dccm_data_200.bin,asp84glu,Rep_5,0.1,0.1,195.30,3657.80,54.1,801.78, 3134236
2026-04-18T05:30:50.967Z,dccm_data_200.bin,asp84glu,Rep_5,0.3,0.3,195.30,340.30,58.7,684.87, 1001692
2026-04-18T05:31:06.087Z,dccm_data_200.bin,asp84glu,Rep_5,0.5,0.5,195.30,119.00,59.6,471.54, 381326
2026-04-18T05:31:21.176Z,dccm_data_200.bin,asp84glu,Rep_5,0.7,0.7,195.30,88.40,59.8,393.56, 165926
2026-04-18T05:31:36.206Z,dccm_data_200.bin,asp84glu,Rep_5,0.9,0.9,195.30,29.30,60.0,395.42, 31286
2026-04-18T05:31:53.827Z,dccm_data_400.bin,asp84glu,Rep_5,0.1,0.1,72.00,2546.40,58.9,584.78, 1623134
2026-04-18T05:32:06.367Z,dccm_data_400.bin,asp84glu,Rep_5,0.3,0.3,72.00,157.70,59.4,474.25, 572488
2026-04-18T05:32:21.476Z,dccm_data_400.bin,asp84glu,Rep_5,0.5,0.5,72.00,108.70,59.7,376.78, 230812
2026-04-18T05:32:36.514Z,dccm_data_400.bin,asp84glu,Rep_5,0.7,0.7,72.00,37.80,59.9,338.11, 99424
2026-04-18T05:32:51.539Z,dccm_data_400.bin,asp84glu,Rep_5,0.9,0.9,72.00,23.80,60.0,345.51, 18912
2026-04-18T05:33:08.575Z,dccm_data_800.bin,asp84glu,Rep_5,0.1,0.1,44.40,1988.60,54.9,364.69, 806592
2026-04-18T05:33:21.671Z,dccm_data_800.bin,asp84glu,Rep_5,0.3,0.3,44.40,128.90,59.5,378.87, 313782
2026-04-18T05:33:36.732Z,dccm_data_800.bin,asp84glu,Rep_5,0.5,0.5,44.40,60.50,59.9,330.60, 128158
2026-04-18T05:33:51.753Z,dccm_data_800.bin,asp84glu,Rep_5,0.7,0.7,44.40,20.40,60.0,321.75, 52072
2026-04-18T05:34:06.765Z,dccm_data_800.bin,asp84glu,Rep_5,0.9,0.9,44.40,11.40,60.0,287.98, 10086
2026-04-18T05:34:23.616Z,dccm_data_1600.bin,asp84glu,Rep_5,0.1,0.1,29.70,1819.30,55.9,361.35, 418984
2026-04-18T05:34:36.822Z,dccm_data_1600.bin,asp84glu,Rep_5,0.3,0.3,29.70,55.00,59.9,363.21, 175256
2026-04-18T05:34:51.850Z,dccm_data_1600.bin,asp84glu,Rep_5,0.5,0.5,29.70,27.00,60.0,295.59, 70066
2026-04-18T05:35:06.861Z,dccm_data_1600.bin,asp84glu,Rep_5,0.7,0.7,29.70,10.90,60.0,292.68, 28186
2026-04-18T05:35:21.866Z,dccm_data_1600.bin,asp84glu,Rep_5,0.9,0.9,29.70,4.50,60.0,291.41, 5844
2026-04-18T05:35:58.392Z,dccm_data_25.bin,asp84glu_lig,Rep_1,0.1,0.1,950.30,20572.70,0,3097.14, 23648804
2026-04-18T05:36:01.510Z,dccm_data_25.bin,asp84glu_lig,Rep_1,0.3,0.3,950.30,2056.70,35.9,2515.08, 5212318
2026-04-18T05:36:17.042Z,dccm_data_25.bin,asp84glu_lig,Rep_1,0.5,0.5,950.30,528.30,47.7,1581.45, 1452060
2026-04-18T05:36:32.406Z,dccm_data_25.bin,asp84glu_lig,Rep_1,0.7,0.7,950.30,325.70,57.7,1276.52, 626546
2026-04-18T05:36:47.616Z,dccm_data_25.bin,asp84glu_lig,Rep_1,0.9,0.9,950.30,209.60,59.2,1175.07, 145022
2026-04-18T05:37:13.024Z,dccm_data_50.bin,asp84glu_lig,Rep_1,0.1,0.1,550.70,9847.90,12.6,1599.42, 11136198
2026-04-18T05:37:18.306Z,dccm_data_50.bin,asp84glu_lig,Rep_1,0.3,0.3,550.70,680.20,46.0,1759.36, 2300964
2026-04-18T05:37:33.646Z,dccm_data_50.bin,asp84glu_lig,Rep_1,0.5,0.5,550.70,266.00,57.3,901.95, 726686
2026-04-18T05:37:48.813Z,dccm_data_50.bin,asp84glu_lig,Rep_1,0.7,0.7,550.70,166.00,59.3,755.91, 327882
2026-04-18T05:38:03.930Z,dccm_data_50.bin,asp84glu_lig,Rep_1,0.9,0.9,550.70,116.70,59.6,698.93, 72938
2026-04-18T05:38:24.399Z,dccm_data_100.bin,asp84glu_lig,Rep_1,0.1,0.1,245.40,5218.60,38.0,999.63, 5441470
2026-04-18T05:38:34.269Z,dccm_data_100.bin,asp84glu_lig,Rep_1,0.3,0.3,245.40,334.00,58.6,937.73, 1138402
2026-04-18T05:38:49.419Z,dccm_data_100.bin,asp84glu_lig,Rep_1,0.5,0.5,245.40,136.10,59.4,576.53, 378094
2026-04-18T05:39:04.522Z,dccm_data_100.bin,asp84glu_lig,Rep_1,0.7,0.7,245.40,103.20,59.7,500.95, 174714
2026-04-18T05:39:19.583Z,dccm_data_100.bin,asp84glu_lig,Rep_1,0.9,0.9,245.40,59.70,59.9,480.61, 37500
2026-04-18T05:39:38.115Z,dccm_data_200.bin,asp84glu_lig,Rep_1,0.1,0.1,121.50,3407.00,47.5,694.44, 2703372
2026-04-18T05:39:49.797Z,dccm_data_200.bin,asp84glu_lig,Rep_1,0.3,0.3,121.50,209.40,59.3,571.63, 574014
2026-04-18T05:40:04.869Z,dccm_data_200.bin,asp84glu_lig,Rep_1,0.5,0.5,121.50,71.70,59.8,420.37, 195960
2026-04-18T05:40:19.924Z,dccm_data_200.bin,asp84glu_lig,Rep_1,0.7,0.7,121.50,55.00,59.9,384.88, 93466
2026-04-18T05:40:34.958Z,dccm_data_200.bin,asp84glu_lig,Rep_1,0.9,0.9,121.50,33.70,59.9,369.05, 19520
2026-04-18T05:40:52.498Z,dccm_data_400.bin,asp84glu_lig,Rep_1,0.1,0.1,70.50,2465.30,54.6,490.29, 1384090
2026-04-18T05:41:05.089Z,dccm_data_400.bin,asp84glu_lig,Rep_1,0.3,0.3,70.50,126.60,59.6,415.61, 314164
2026-04-18T05:41:20.140Z,dccm_data_400.bin,asp84glu_lig,Rep_1,0.5,0.5,70.50,50.80,59.9,343.10, 106118
2026-04-18T05:41:35.171Z,dccm_data_400.bin,asp84glu_lig,Rep_1,0.7,0.7,70.50,30.50,59.9,321.10, 50868
2026-04-18T05:41:50.189Z,dccm_data_400.bin,asp84glu_lig,Rep_1,0.9,0.9,70.50,18.10,60.0,322.34, 10442
2026-04-18T05:42:07.165Z,dccm_data_800.bin,asp84glu_lig,Rep_1,0.1,0.1,24.70,1947.60,59.1,398.93, 691622
2026-04-18T05:42:20.252Z,dccm_data_800.bin,asp84glu_lig,Rep_1,0.3,0.3,24.70,59.30,59.9,353.56, 179394
2026-04-18T05:42:35.275Z,dccm_data_800.bin,asp84glu_lig,Rep_1,0.5,0.5,24.70,22.00,60.0,329.49, 63364
2026-04-18T05:42:50.287Z,dccm_data_800.bin,asp84glu_lig,Rep_1,0.7,0.7,24.70,12.20,60.0,302.40, 27558
2026-04-18T05:43:05.299Z,dccm_data_800.bin,asp84glu_lig,Rep_1,0.9,0.9,24.70,11.50,60.0,308.71, 5608
2026-04-18T05:43:21.974Z,dccm_data_1600.bin,asp84glu_lig,Rep_1,0.1,0.1,11.20,1661.20,56.1,375.35, 365764
2026-04-18T05:43:35.341Z,dccm_data_1600.bin,asp84glu_lig,Rep_1,0.3,0.3,11.20,39.30,59.9,319.82, 108676
2026-04-18T05:43:50.357Z,dccm_data_1600.bin,asp84glu_lig,Rep_1,0.5,0.5,11.20,14.80,60.0,304.10, 35940
2026-04-18T05:44:05.364Z,dccm_data_1600.bin,asp84glu_lig,Rep_1,0.7,0.7,11.20,6.70,60.0,306.25, 14788
2026-04-18T05:44:20.371Z,dccm_data_1600.bin,asp84glu_lig,Rep_1,0.9,0.9,11.20,6.90,60.0,289.38, 2972
2026-04-18T05:44:59.586Z,dccm_data_25.bin,asp84glu_lig,Rep_2,0.1,0.1,971.70,23240.50,0,3049.21, 25482752
2026-04-18T05:45:03.094Z,dccm_data_25.bin,asp84glu_lig,Rep_2,0.3,0.3,971.70,2542.70,24.1,2830.49, 7273854
2026-04-18T05:45:19.033Z,dccm_data_25.bin,asp84glu_lig,Rep_2,0.5,0.5,971.70,775.30,44.3,1628.68, 2063138
2026-04-18T05:45:34.448Z,dccm_data_25.bin,asp84glu_lig,Rep_2,0.7,0.7,971.70,414.60,58.2,1316.97, 770412
2026-04-18T05:45:49.662Z,dccm_data_25.bin,asp84glu_lig,Rep_2,0.9,0.9,971.70,213.40,59.3,1247.24, 162420
2026-04-18T05:46:15.728Z,dccm_data_50.bin,asp84glu_lig,Rep_2,0.1,0.1,516.60,10541.50,21.0,1736.51, 12489912
2026-04-18T05:46:20.739Z,dccm_data_50.bin,asp84glu_lig,Rep_2,0.3,0.3,516.60,1069.80,36.1,1496.80, 3641906
2026-04-18T05:46:36.184Z,dccm_data_50.bin,asp84glu_lig,Rep_2,0.5,0.5,516.60,444.40,54.4,956.86, 1158588
2026-04-18T05:46:51.406Z,dccm_data_50.bin,asp84glu_lig,Rep_2,0.7,0.7,516.60,220.90,59.2,791.70, 436168
2026-04-18T05:47:06.522Z,dccm_data_50.bin,asp84glu_lig,Rep_2,0.9,0.9,516.60,115.40,59.6,759.63, 86280
2026-04-18T05:47:27.553Z,dccm_data_100.bin,asp84glu_lig,Rep_2,0.1,0.1,242.60,5784.30,37.9,1093.76, 6308296
2026-04-18T05:47:37.252Z,dccm_data_100.bin,asp84glu_lig,Rep_2,0.3,0.3,242.60,601.60,50.3,1131.06, 2003372
2026-04-18T05:47:52.467Z,dccm_data_100.bin,asp84glu_lig,Rep_2,0.5,0.5,242.60,214.50,59.2,666.86, 671020
2026-04-18T05:48:07.575Z,dccm_data_100.bin,asp84glu_lig,Rep_2,0.7,0.7,242.60,107.80,59.7,528.36, 250196
2026-04-18T05:48:22.636Z,dccm_data_100.bin,asp84glu_lig,Rep_2,0.9,0.9,242.60,58.40,59.9,510.21, 47218
2026-04-18T05:48:41.508Z,dccm_data_200.bin,asp84glu_lig,Rep_2,0.1,0.1,115.70,3752.50,47.9,814.85, 3247390
2026-04-18T05:48:53.033Z,dccm_data_200.bin,asp84glu_lig,Rep_2,0.3,0.3,115.70,348.40,58.4,668.11, 1102956
2026-04-18T05:49:08.181Z,dccm_data_200.bin,asp84glu_lig,Rep_2,0.5,0.5,115.70,147.20,59.5,494.28, 382952
2026-04-18T05:49:23.238Z,dccm_data_200.bin,asp84glu_lig,Rep_2,0.7,0.7,115.70,56.50,59.9,419.70, 139922
2026-04-18T05:49:38.273Z,dccm_data_200.bin,asp84glu_lig,Rep_2,0.9,0.9,115.70,34.90,59.9,373.27, 26332
2026-04-18T05:49:55.960Z,dccm_data_400.bin,asp84glu_lig,Rep_2,0.1,0.1,64.00,2619.30,58.8,558.58, 1688490
2026-04-18T05:50:08.449Z,dccm_data_400.bin,asp84glu_lig,Rep_2,0.3,0.3,64.00,172.10,59.4,486.17, 609912
2026-04-18T05:50:23.518Z,dccm_data_400.bin,asp84glu_lig,Rep_2,0.5,0.5,64.00,68.70,59.8,381.28, 209568
2026-04-18T05:50:38.551Z,dccm_data_400.bin,asp84glu_lig,Rep_2,0.7,0.7,64.00,32.90,59.9,346.31, 76072
2026-04-18T05:50:53.572Z,dccm_data_400.bin,asp84glu_lig,Rep_2,0.9,0.9,64.00,20.10,60.0,332.55, 14602
2026-04-18T05:51:10.657Z,dccm_data_800.bin,asp84glu_lig,Rep_2,0.1,0.1,22.60,2059.80,59.1,374.47, 843164
2026-04-18T05:51:23.665Z,dccm_data_800.bin,asp84glu_lig,Rep_2,0.3,0.3,22.60,90.50,59.7,407.80, 334964
2026-04-18T05:51:38.705Z,dccm_data_800.bin,asp84glu_lig,Rep_2,0.5,0.5,22.60,38.80,59.9,339.78, 126688
2026-04-18T05:51:53.725Z,dccm_data_800.bin,asp84glu_lig,Rep_2,0.7,0.7,22.60,20.30,60.0,298.37, 46964
2026-04-18T05:52:08.737Z,dccm_data_800.bin,asp84glu_lig,Rep_2,0.9,0.9,22.60,11.60,60.0,293.21, 8564
2026-04-18T05:52:25.466Z,dccm_data_1600.bin,asp84glu_lig,Rep_2,0.1,0.1,10.10,1715.40,56.0,356.56, 421006
2026-04-18T05:52:38.789Z,dccm_data_1600.bin,asp84glu_lig,Rep_2,0.3,0.3,10.10,49.00,59.9,360.04, 172150
2026-04-18T05:52:53.818Z,dccm_data_1600.bin,asp84glu_lig,Rep_2,0.5,0.5,10.10,28.10,60.0,295.83, 72342
2026-04-18T05:53:08.840Z,dccm_data_1600.bin,asp84glu_lig,Rep_2,0.7,0.7,10.10,21.70,60.0,291.80, 27026
2026-04-18T05:53:23.848Z,dccm_data_1600.bin,asp84glu_lig,Rep_2,0.9,0.9,10.10,4.80,60.0,290.72, 4804
2026-04-18T05:54:03.014Z,dccm_data_25.bin,asp84glu_lig,Rep_3,0.1,0.1,927.60,23235.30,0,3260.67, 26280174
2026-04-18T05:54:07.603Z,dccm_data_25.bin,asp84glu_lig,Rep_3,0.3,0.3,927.60,3178.20,21.0,2757.92, 8669784
2026-04-18T05:54:23.622Z,dccm_data_25.bin,asp84glu_lig,Rep_3,0.5,0.5,927.60,1018.50,36.9,1795.13, 2867782
2026-04-18T05:54:39.152Z,dccm_data_25.bin,asp84glu_lig,Rep_3,0.7,0.7,927.60,487.80,52.8,1287.65, 1010388
2026-04-18T05:54:54.362Z,dccm_data_25.bin,asp84glu_lig,Rep_3,0.9,0.9,927.60,209.50,59.3,1315.82, 184152
2026-04-18T05:55:20.456Z,dccm_data_50.bin,asp84glu_lig,Rep_3,0.1,0.1,347.40,10733.30,0,1906.41, 12974328
2026-04-18T05:55:25.730Z,dccm_data_50.bin,asp84glu_lig,Rep_3,0.3,0.3,347.40,1354.50,39.2,1429.06, 4394836
2026-04-18T05:55:41.466Z,dccm_data_50.bin,asp84glu_lig,Rep_3,0.5,0.5,347.40,592.90,47.9,1013.91, 1597240
2026-04-18T05:55:56.741Z,dccm_data_50.bin,asp84glu_lig,Rep_3,0.7,0.7,347.40,275.40,59.1,774.06, 583176
2026-04-18T05:56:11.862Z,dccm_data_50.bin,asp84glu_lig,Rep_3,0.9,0.9,347.40,110.70,59.7,788.56, 101114
2026-04-18T05:56:33.045Z,dccm_data_100.bin,asp84glu_lig,Rep_3,0.1,0.1,171.60,6005.70,35.2,1066.43, 6499300
2026-04-18T05:56:42.524Z,dccm_data_100.bin,asp84glu_lig,Rep_3,0.3,0.3,171.60,656.60,45.6,863.48, 2304406
2026-04-18T05:56:57.841Z,dccm_data_100.bin,asp84glu_lig,Rep_3,0.5,0.5,171.60,316.40,57.8,666.92, 872860
2026-04-18T05:57:12.964Z,dccm_data_100.bin,asp84glu_lig,Rep_3,0.7,0.7,171.60,122.70,59.6,688.52, 325590
2026-04-18T05:57:28.024Z,dccm_data_100.bin,asp84glu_lig,Rep_3,0.9,0.9,171.60,59.50,59.9,512.95, 55712
2026-04-18T05:57:46.751Z,dccm_data_200.bin,asp84glu_lig,Rep_3,0.1,0.1,121.50,3601.20,48.9,833.01, 3310164
2026-04-18T05:57:58.431Z,dccm_data_200.bin,asp84glu_lig,Rep_3,0.3,0.3,121.50,402.60,58.1,681.06, 1244034
2026-04-18T05:58:13.624Z,dccm_data_200.bin,asp84glu_lig,Rep_3,0.5,0.5,121.50,192.20,59.3,493.53, 507682
2026-04-18T05:58:28.697Z,dccm_data_200.bin,asp84glu_lig,Rep_3,0.7,0.7,121.50,72.90,59.8,413.59, 193428
2026-04-18T05:58:43.733Z,dccm_data_200.bin,asp84glu_lig,Rep_3,0.9,0.9,121.50,35.50,59.9,395.84, 32100
2026-04-18T05:59:01.386Z,dccm_data_400.bin,asp84glu_lig,Rep_3,0.1,0.1,65.70,2582.60,54.9,486.87, 1682216
2026-04-18T05:59:13.926Z,dccm_data_400.bin,asp84glu_lig,Rep_3,0.3,0.3,65.70,188.20,59.3,446.29, 675538
2026-04-18T05:59:29.009Z,dccm_data_400.bin,asp84glu_lig,Rep_3,0.5,0.5,65.70,83.10,59.8,473.35, 285180
2026-04-18T05:59:44.050Z,dccm_data_400.bin,asp84glu_lig,Rep_3,0.7,0.7,65.70,40.70,59.9,362.19, 108158
2026-04-18T05:59:59.070Z,dccm_data_400.bin,asp84glu_lig,Rep_3,0.9,0.9,65.70,19.20,60.0,342.37, 18048
2026-04-18T06:00:16.260Z,dccm_data_800.bin,asp84glu_lig,Rep_3,0.1,0.1,43.60,2143.10,59.2,409.97, 860844
2026-04-18T06:00:29.186Z,dccm_data_800.bin,asp84glu_lig,Rep_3,0.3,0.3,43.60,112.80,59.6,423.78, 397454
2026-04-18T06:00:44.238Z,dccm_data_800.bin,asp84glu_lig,Rep_3,0.5,0.5,43.60,51.60,59.9,393.04, 172202
2026-04-18T06:00:59.264Z,dccm_data_800.bin,asp84glu_lig,Rep_3,0.7,0.7,43.60,24.80,60.0,308.52, 63710
2026-04-18T06:01:14.276Z,dccm_data_800.bin,asp84glu_lig,Rep_3,0.9,0.9,43.60,12.00,60.0,295.82, 10522
2026-04-18T06:01:31.114Z,dccm_data_1600.bin,asp84glu_lig,Rep_3,0.1,0.1,47.50,1787.00,55.8,366.55, 467048
2026-04-18T06:01:44.362Z,dccm_data_1600.bin,asp84glu_lig,Rep_3,0.3,0.3,47.50,82.90,59.8,328.06, 258944
2026-04-18T06:01:59.402Z,dccm_data_1600.bin,asp84glu_lig,Rep_3,0.5,0.5,47.50,39.00,60.0,322.69, 124164
2026-04-18T06:02:14.417Z,dccm_data_1600.bin,asp84glu_lig,Rep_3,0.7,0.7,47.50,14.70,60.0,311.49, 49054
2026-04-18T06:02:29.423Z,dccm_data_1600.bin,asp84glu_lig,Rep_3,0.9,0.9,47.50,5.60,60.0,308.97, 7572
2026-04-18T06:03:10.049Z,dccm_data_25.bin,asp84glu_lig,Rep_4,0.1,0.1,594.20,25028.70,0,3181.27, 27108812
2026-04-18T06:03:14.850Z,dccm_data_25.bin,asp84glu_lig,Rep_4,0.3,0.3,594.20,3389.60,21.5,2900.22, 9445530
2026-04-18T06:03:30.901Z,dccm_data_25.bin,asp84glu_lig,Rep_4,0.5,0.5,594.20,1050.60,35.6,1845.76, 2996792
2026-04-18T06:03:46.438Z,dccm_data_25.bin,asp84glu_lig,Rep_4,0.7,0.7,594.20,441.30,52.2,1395.61, 1042326
2026-04-18T06:04:01.661Z,dccm_data_25.bin,asp84glu_lig,Rep_4,0.9,0.9,594.20,223.30,59.1,1213.67, 201034
2026-04-18T06:04:28.246Z,dccm_data_50.bin,asp84glu_lig,Rep_4,0.1,0.1,544.40,11031.40,16.7,2081.42, 13471998
2026-04-18T06:04:33.031Z,dccm_data_50.bin,asp84glu_lig,Rep_4,0.3,0.3,544.40,1360.40,34.4,1686.17, 4782324
2026-04-18T06:04:48.816Z,dccm_data_50.bin,asp84glu_lig,Rep_4,0.5,0.5,544.40,610.10,48.8,1070.17, 1614774
2026-04-18T06:05:04.048Z,dccm_data_50.bin,asp84glu_lig,Rep_4,0.7,0.7,544.40,231.40,59.2,846.19, 589578
2026-04-18T06:05:19.165Z,dccm_data_50.bin,asp84glu_lig,Rep_4,0.9,0.9,544.40,116.50,59.6,743.45, 110048
2026-04-18T06:05:40.462Z,dccm_data_100.bin,asp84glu_lig,Rep_4,0.1,0.1,223.10,6069.00,37.8,1216.82, 6736948
2026-04-18T06:05:49.989Z,dccm_data_100.bin,asp84glu_lig,Rep_4,0.3,0.3,223.10,709.40,46.1,965.62, 2476766
2026-04-18T06:06:05.267Z,dccm_data_100.bin,asp84glu_lig,Rep_4,0.5,0.5,223.10,277.70,59.0,706.33, 898748
2026-04-18T06:06:20.396Z,dccm_data_100.bin,asp84glu_lig,Rep_4,0.7,0.7,223.10,128.10,59.6,634.19, 332740
2026-04-18T06:06:35.458Z,dccm_data_100.bin,asp84glu_lig,Rep_4,0.9,0.9,223.10,61.60,59.9,514.69, 60822
2026-04-18T06:06:54.490Z,dccm_data_200.bin,asp84glu_lig,Rep_4,0.1,0.1,152.40,3875.50,52.5,696.07, 3421500
2026-04-18T06:07:05.891Z,dccm_data_200.bin,asp84glu_lig,Rep_4,0.3,0.3,152.40,367.00,57.8,722.74, 1310678
2026-04-18T06:07:21.040Z,dccm_data_200.bin,asp84glu_lig,Rep_4,0.5,0.5,152.40,148.70,59.5,496.16, 497836
2026-04-18T06:07:36.109Z,dccm_data_200.bin,asp84glu_lig,Rep_4,0.7,0.7,152.40,68.70,59.8,431.94, 183324
2026-04-18T06:07:51.145Z,dccm_data_200.bin,asp84glu_lig,Rep_4,0.9,0.9,152.40,34.90,59.9,387.37, 33896
2026-04-18T06:08:08.840Z,dccm_data_400.bin,asp84glu_lig,Rep_4,0.1,0.1,63.40,2627.00,55.3,558.76, 1759212
2026-04-18T06:08:21.360Z,dccm_data_400.bin,asp84glu_lig,Rep_4,0.3,0.3,63.40,210.50,59.2,427.04, 733806
2026-04-18T06:08:36.450Z,dccm_data_400.bin,asp84glu_lig,Rep_4,0.5,0.5,63.40,88.20,59.8,454.67, 285824
2026-04-18T06:08:51.489Z,dccm_data_400.bin,asp84glu_lig,Rep_4,0.7,0.7,63.40,38.40,59.9,361.09, 102506
2026-04-18T06:09:06.509Z,dccm_data_400.bin,asp84glu_lig,Rep_4,0.9,0.9,63.40,19.70,60.0,341.51, 19588
2026-04-18T06:09:23.615Z,dccm_data_800.bin,asp84glu_lig,Rep_4,0.1,0.1,24.60,2077.90,56.1,387.74, 867668
2026-04-18T06:09:36.615Z,dccm_data_800.bin,asp84glu_lig,Rep_4,0.3,0.3,24.60,102.50,59.7,439.38, 384488
2026-04-18T06:09:51.661Z,dccm_data_800.bin,asp84glu_lig,Rep_4,0.5,0.5,24.60,45.20,59.9,351.76, 155574
2026-04-18T06:10:06.686Z,dccm_data_800.bin,asp84glu_lig,Rep_4,0.7,0.7,24.60,24.40,60.0,305.75, 57552
2026-04-18T06:10:21.699Z,dccm_data_800.bin,asp84glu_lig,Rep_4,0.9,0.9,24.60,12.60,60.0,296.56, 11142
2026-04-18T06:10:38.535Z,dccm_data_1600.bin,asp84glu_lig,Rep_4,0.1,0.1,20.40,1813.20,55.9,369.95, 432268
2026-04-18T06:10:51.750Z,dccm_data_1600.bin,asp84glu_lig,Rep_4,0.3,0.3,20.40,47.70,59.9,353.71, 193556
2026-04-18T06:11:06.778Z,dccm_data_1600.bin,asp84glu_lig,Rep_4,0.5,0.5,20.40,27.80,60.0,315.90, 79166
2026-04-18T06:11:21.790Z,dccm_data_1600.bin,asp84glu_lig,Rep_4,0.7,0.7,20.40,11.30,60.0,295.57, 29460
2026-04-18T06:11:36.795Z,dccm_data_1600.bin,asp84glu_lig,Rep_4,0.9,0.9,20.40,4.70,60.0,294.70, 6242
2026-04-18T06:12:18.054Z,dccm_data_25.bin,asp84glu_lig,Rep_5,0.1,0.1,954.80,25301.50,0,3096.35, 27108812
2026-04-18T06:12:22.682Z,dccm_data_25.bin,asp84glu_lig,Rep_5,0.3,0.3,954.80,3200.10,21.4,2731.77, 9445530
2026-04-18T06:12:38.977Z,dccm_data_25.bin,asp84glu_lig,Rep_5,0.5,0.5,954.80,1054.50,39.2,1838.48, 2996792
2026-04-18T06:12:54.411Z,dccm_data_25.bin,asp84glu_lig,Rep_5,0.7,0.7,954.80,434.50,53.8,1416.20, 1042326
2026-04-18T06:13:09.682Z,dccm_data_25.bin,asp84glu_lig,Rep_5,0.9,0.9,954.80,235.50,58.8,1209.21, 201034
2026-04-18T06:13:35.945Z,dccm_data_50.bin,asp84glu_lig,Rep_5,0.1,0.1,312.30,10938.60,23.4,1983.30, 13471998
2026-04-18T06:13:41.197Z,dccm_data_50.bin,asp84glu_lig,Rep_5,0.3,0.3,312.30,1502.50,33.5,1601.30, 4782324
2026-04-18T06:13:56.705Z,dccm_data_50.bin,asp84glu_lig,Rep_5,0.5,0.5,312.30,504.50,50.7,1126.76, 1614774
2026-04-18T06:14:12.008Z,dccm_data_50.bin,asp84glu_lig,Rep_5,0.7,0.7,312.30,275.40,59.0,792.91, 589578
2026-04-18T06:14:27.116Z,dccm_data_50.bin,asp84glu_lig,Rep_5,0.9,0.9,312.30,108.10,59.7,805.49, 110048
2026-04-18T06:14:48.453Z,dccm_data_100.bin,asp84glu_lig,Rep_5,0.1,0.1,187.50,6143.30,31.6,1113.76, 6736948
2026-04-18T06:14:58.013Z,dccm_data_100.bin,asp84glu_lig,Rep_5,0.3,0.3,187.50,716.60,50.3,1173.23, 2476766
2026-04-18T06:15:13.345Z,dccm_data_100.bin,asp84glu_lig,Rep_5,0.5,0.5,187.50,331.20,58.9,675.43, 898748
2026-04-18T06:15:28.490Z,dccm_data_100.bin,asp84glu_lig,Rep_5,0.7,0.7,187.50,131.10,59.5,547.41, 332740
2026-04-18T06:15:43.553Z,dccm_data_100.bin,asp84glu_lig,Rep_5,0.9,0.9,187.50,63.00,59.9,488.71, 60822
2026-04-18T06:16:02.531Z,dccm_data_200.bin,asp84glu_lig,Rep_5,0.1,0.1,114.60,3859.70,45.8,806.56, 3421500
2026-04-18T06:16:13.904Z,dccm_data_200.bin,asp84glu_lig,Rep_5,0.3,0.3,114.60,346.90,57.9,696.72, 1310678
2026-04-18T06:16:29.099Z,dccm_data_200.bin,asp84glu_lig,Rep_5,0.5,0.5,114.60,194.30,59.3,481.59, 497836
2026-04-18T06:16:44.167Z,dccm_data_200.bin,asp84glu_lig,Rep_5,0.7,0.7,114.60,67.80,59.8,415.42, 183324
2026-04-18T06:16:59.202Z,dccm_data_200.bin,asp84glu_lig,Rep_5,0.9,0.9,114.60,34.20,59.9,387.42, 33896
2026-04-18T06:17:16.838Z,dccm_data_400.bin,asp84glu_lig,Rep_5,0.1,0.1,57.50,2575.10,55.3,584.82, 1759212
2026-04-18T06:17:29.458Z,dccm_data_400.bin,asp84glu_lig,Rep_5,0.3,0.3,57.50,251.00,59.1,510.50, 733806
2026-04-18T06:17:44.551Z,dccm_data_400.bin,asp84glu_lig,Rep_5,0.5,0.5,57.50,92.30,59.7,383.25, 285824
2026-04-18T06:17:59.588Z,dccm_data_400.bin,asp84glu_lig,Rep_5,0.7,0.7,57.50,36.90,59.9,361.16, 102506
2026-04-18T06:18:14.608Z,dccm_data_400.bin,asp84glu_lig,Rep_5,0.9,0.9,57.50,19.90,60.0,341.85, 19588
2026-04-18T06:18:31.613Z,dccm_data_800.bin,asp84glu_lig,Rep_5,0.1,0.1,20.80,1980.90,59.1,425.17, 867668
2026-04-18T06:18:44.708Z,dccm_data_800.bin,asp84glu_lig,Rep_5,0.3,0.3,20.80,95.80,59.7,397.95, 384488
2026-04-18T06:18:59.750Z,dccm_data_800.bin,asp84glu_lig,Rep_5,0.5,0.5,20.80,41.70,59.9,347.78, 155574
2026-04-18T06:19:14.775Z,dccm_data_800.bin,asp84glu_lig,Rep_5,0.7,0.7,20.80,25.00,60.0,302.98, 57552
2026-04-18T06:19:29.788Z,dccm_data_800.bin,asp84glu_lig,Rep_5,0.9,0.9,20.80,12.10,60.0,293.42, 11142
2026-04-18T06:19:46.591Z,dccm_data_1600.bin,asp84glu_lig,Rep_5,0.1,0.1,16.00,1784.00,56.2,359.31, 432268
2026-04-18T06:19:59.848Z,dccm_data_1600.bin,asp84glu_lig,Rep_5,0.3,0.3,16.00,56.70,59.9,353.91, 193556
2026-04-18T06:20:14.874Z,dccm_data_1600.bin,asp84glu_lig,Rep_5,0.5,0.5,16.00,26.30,60.0,315.84, 79166
2026-04-18T06:20:29.886Z,dccm_data_1600.bin,asp84glu_lig,Rep_5,0.7,0.7,16.00,11.40,60.0,295.28, 29460
2026-04-18T06:20:44.891Z,dccm_data_1600.bin,asp84glu_lig,Rep_5,0.9,0.9,16.00,4.50,60.0,294.07, 6242
2026-04-18T06:21:23.989Z,dccm_data_25.bin,wt,Rep_1,0.1,0.1,786.50,23308.60,0,2968.24, 25738302
2026-04-18T06:21:28.020Z,dccm_data_25.bin,wt,Rep_1,0.3,0.3,786.50,2604.40,23.1,2757.95, 7522544
2026-04-18T06:21:43.754Z,dccm_data_25.bin,wt,Rep_1,0.5,0.5,786.50,732.90,40.1,1795.88, 2195246
2026-04-18T06:21:59.244Z,dccm_data_25.bin,wt,Rep_1,0.7,0.7,786.50,442.60,54.4,1274.13, 895418
2026-04-18T06:22:14.456Z,dccm_data_25.bin,wt,Rep_1,0.9,0.9,786.50,206.90,59.3,1279.82, 180548
2026-04-18T06:22:40.209Z,dccm_data_50.bin,wt,Rep_1,0.1,0.1,482.90,10261.30,14.8,1756.35, 12429460
2026-04-18T06:22:45.506Z,dccm_data_50.bin,wt,Rep_1,0.3,0.3,482.90,1041.50,42.7,1545.94, 3493804
2026-04-18T06:23:01.091Z,dccm_data_50.bin,wt,Rep_1,0.5,0.5,482.90,444.30,54.1,925.50, 1101352
2026-04-18T06:23:16.292Z,dccm_data_50.bin,wt,Rep_1,0.7,0.7,482.90,200.10,59.2,795.69, 473468
2026-04-18T06:23:31.420Z,dccm_data_50.bin,wt,Rep_1,0.9,0.9,482.90,119.70,59.6,715.52, 92624
2026-04-18T06:23:52.532Z,dccm_data_100.bin,wt,Rep_1,0.1,0.1,238.30,5867.80,38.6,1127.75, 6214238
2026-04-18T06:24:01.917Z,dccm_data_100.bin,wt,Rep_1,0.3,0.3,238.30,490.40,52.3,1047.94, 1805176
2026-04-18T06:24:17.147Z,dccm_data_100.bin,wt,Rep_1,0.5,0.5,238.30,191.90,58.2,639.94, 592016
2026-04-18T06:24:32.277Z,dccm_data_100.bin,wt,Rep_1,0.7,0.7,238.30,130.10,59.6,527.96, 255828
2026-04-18T06:24:47.340Z,dccm_data_100.bin,wt,Rep_1,0.9,0.9,238.30,61.30,59.9,490.48, 49254
2026-04-18T06:25:06.103Z,dccm_data_200.bin,wt,Rep_1,0.1,0.1,108.40,3650.70,48.5,733.30, 3111396
2026-04-18T06:25:17.647Z,dccm_data_200.bin,wt,Rep_1,0.3,0.3,108.40,303.40,58.7,636.10, 935604
2026-04-18T06:25:32.752Z,dccm_data_200.bin,wt,Rep_1,0.5,0.5,108.40,104.70,59.7,457.03, 321172
2026-04-18T06:25:47.823Z,dccm_data_200.bin,wt,Rep_1,0.7,0.7,108.40,69.30,59.9,397.75, 136842
2026-04-18T06:26:02.857Z,dccm_data_200.bin,wt,Rep_1,0.9,0.9,108.40,33.40,60.0,393.26, 26942
2026-04-18T06:26:20.506Z,dccm_data_400.bin,wt,Rep_1,0.1,0.1,76.40,2568.50,58.3,507.70, 1555690
2026-04-18T06:26:33.045Z,dccm_data_400.bin,wt,Rep_1,0.3,0.3,76.40,183.40,59.3,451.33, 485810
2026-04-18T06:26:48.098Z,dccm_data_400.bin,wt,Rep_1,0.5,0.5,76.40,53.20,59.9,375.00, 168014
2026-04-18T06:27:03.136Z,dccm_data_400.bin,wt,Rep_1,0.7,0.7,76.40,37.60,59.9,326.91, 71890
2026-04-18T06:27:18.157Z,dccm_data_400.bin,wt,Rep_1,0.9,0.9,76.40,20.30,60.0,317.31, 14444
2026-04-18T06:27:35.150Z,dccm_data_800.bin,wt,Rep_1,0.1,0.1,37.50,1952.20,59.0,413.37, 780810
2026-04-18T06:27:48.269Z,dccm_data_800.bin,wt,Rep_1,0.3,0.3,37.50,109.10,59.7,375.36, 263632
2026-04-18T06:28:03.303Z,dccm_data_800.bin,wt,Rep_1,0.5,0.5,37.50,33.00,60.0,311.43, 95278
2026-04-18T06:28:18.329Z,dccm_data_800.bin,wt,Rep_1,0.7,0.7,37.50,25.40,60.0,292.49, 39312
2026-04-18T06:28:33.341Z,dccm_data_800.bin,wt,Rep_1,0.9,0.9,37.50,12.00,60.0,288.29, 8230
2026-04-18T06:28:50.173Z,dccm_data_1600.bin,wt,Rep_1,0.1,0.1,36.90,1791.80,56.0,346.84, 398556
2026-04-18T06:29:03.407Z,dccm_data_1600.bin,wt,Rep_1,0.3,0.3,36.90,62.30,59.9,330.89, 145430
2026-04-18T06:29:18.432Z,dccm_data_1600.bin,wt,Rep_1,0.5,0.5,36.90,25.10,60.0,281.14, 56776
2026-04-18T06:29:33.440Z,dccm_data_1600.bin,wt,Rep_1,0.7,0.7,36.90,7.00,60.0,285.46, 21360
2026-04-18T06:29:48.448Z,dccm_data_1600.bin,wt,Rep_1,0.9,0.9,36.90,7.70,60.0,277.39, 4590
2026-04-18T06:30:26.605Z,dccm_data_25.bin,wt,Rep_2,0.1,0.1,777.10,22376.90,0,2976.94, 25014916
2026-04-18T06:30:29.833Z,dccm_data_25.bin,wt,Rep_2,0.3,0.3,777.10,2386.40,25.1,2586.30, 6866604
2026-04-18T06:30:45.822Z,dccm_data_25.bin,wt,Rep_2,0.5,0.5,777.10,776.10,45.3,1624.16, 2033830
2026-04-18T06:31:01.194Z,dccm_data_25.bin,wt,Rep_2,0.7,0.7,777.10,371.90,58.5,1322.42, 815246
2026-04-18T06:31:16.432Z,dccm_data_25.bin,wt,Rep_2,0.9,0.9,777.10,226.90,59.1,1186.41, 167954
2026-04-18T06:31:42.120Z,dccm_data_50.bin,wt,Rep_2,0.1,0.1,521.20,10158.20,30.2,1664.34, 11970920
2026-04-18T06:31:47.410Z,dccm_data_50.bin,wt,Rep_2,0.3,0.3,521.20,967.30,40.9,1415.61, 3159112
2026-04-18T06:32:02.851Z,dccm_data_50.bin,wt,Rep_2,0.5,0.5,521.20,407.60,56.7,917.04, 1022672
2026-04-18T06:32:18.075Z,dccm_data_50.bin,wt,Rep_2,0.7,0.7,521.20,223.70,59.2,748.81, 430166
2026-04-18T06:32:33.183Z,dccm_data_50.bin,wt,Rep_2,0.9,0.9,521.20,105.50,59.7,753.86, 85954
2026-04-18T06:32:54.033Z,dccm_data_100.bin,wt,Rep_2,0.1,0.1,232.70,5611.70,39.8,1059.62, 5987924
2026-04-18T06:33:03.880Z,dccm_data_100.bin,wt,Rep_2,0.3,0.3,232.70,519.70,54.2,1031.06, 1670018
2026-04-18T06:33:19.063Z,dccm_data_100.bin,wt,Rep_2,0.5,0.5,232.70,182.60,59.4,622.04, 560272
2026-04-18T06:33:34.183Z,dccm_data_100.bin,wt,Rep_2,0.7,0.7,232.70,119.30,59.5,519.52, 232344
2026-04-18T06:33:49.248Z,dccm_data_100.bin,wt,Rep_2,0.9,0.9,232.70,62.80,59.9,482.40, 45940
2026-04-18T06:34:07.954Z,dccm_data_200.bin,wt,Rep_2,0.1,0.1,110.50,3591.00,50.3,709.02, 2992010
2026-04-18T06:34:19.532Z,dccm_data_200.bin,wt,Rep_2,0.3,0.3,110.50,264.60,58.3,665.08, 849538
2026-04-18T06:34:34.657Z,dccm_data_200.bin,wt,Rep_2,0.5,0.5,110.50,124.00,59.7,434.21, 291370
2026-04-18T06:34:49.711Z,dccm_data_200.bin,wt,Rep_2,0.7,0.7,110.50,54.30,59.9,399.57, 124238
2026-04-18T06:35:04.744Z,dccm_data_200.bin,wt,Rep_2,0.9,0.9,110.50,32.50,59.9,379.53, 24340
2026-04-18T06:35:22.331Z,dccm_data_400.bin,wt,Rep_2,0.1,0.1,81.20,2502.10,58.9,538.84, 1519492
2026-04-18T06:35:34.922Z,dccm_data_400.bin,wt,Rep_2,0.3,0.3,81.20,171.20,59.4,466.01, 472898
2026-04-18T06:35:50.003Z,dccm_data_400.bin,wt,Rep_2,0.5,0.5,81.20,79.70,59.8,351.62, 168008
2026-04-18T06:36:05.032Z,dccm_data_400.bin,wt,Rep_2,0.7,0.7,81.20,29.30,60.0,364.97, 70400
2026-04-18T06:36:20.052Z,dccm_data_400.bin,wt,Rep_2,0.9,0.9,81.20,19.10,60.0,331.00, 13740
2026-04-18T06:36:37.114Z,dccm_data_800.bin,wt,Rep_2,0.1,0.1,43.90,2015.40,59.1,388.18, 765150
2026-04-18T06:36:50.144Z,dccm_data_800.bin,wt,Rep_2,0.3,0.3,43.90,88.30,59.7,358.41, 276190
2026-04-18T06:37:05.182Z,dccm_data_800.bin,wt,Rep_2,0.5,0.5,43.90,38.00,60.0,329.87, 105816
2026-04-18T06:37:20.202Z,dccm_data_800.bin,wt,Rep_2,0.7,0.7,43.90,19.50,60.0,321.41, 42974
2026-04-18T06:37:35.209Z,dccm_data_800.bin,wt,Rep_2,0.9,0.9,43.90,6.70,60.0,320.24, 8378
2026-04-18T06:37:51.929Z,dccm_data_1600.bin,wt,Rep_2,0.1,0.1,25.70,1690.90,56.1,357.24, 410766
2026-04-18T06:38:05.257Z,dccm_data_1600.bin,wt,Rep_2,0.3,0.3,25.70,43.90,59.9,346.20, 177494
2026-04-18T06:38:20.282Z,dccm_data_1600.bin,wt,Rep_2,0.5,0.5,25.70,25.20,60.0,295.70, 71650
2026-04-18T06:38:35.293Z,dccm_data_1600.bin,wt,Rep_2,0.7,0.7,25.70,10.10,60.0,292.05, 26244
2026-04-18T06:38:50.298Z,dccm_data_1600.bin,wt,Rep_2,0.9,0.9,25.70,4.70,60.0,291.05, 5468
2026-04-18T06:39:31.328Z,dccm_data_25.bin,wt,Rep_3,0.1,0.1,1061.10,24966.20,0,3120.58, 27106126
2026-04-18T06:39:35.601Z,dccm_data_25.bin,wt,Rep_3,0.3,0.3,1061.10,3293.10,20.8,2786.89, 9457980
2026-04-18T06:39:51.653Z,dccm_data_25.bin,wt,Rep_3,0.5,0.5,1061.10,1051.80,36.3,1825.08, 2991416
2026-04-18T06:40:07.085Z,dccm_data_25.bin,wt,Rep_3,0.7,0.7,1061.10,428.40,52.8,1409.47, 1040696
2026-04-18T06:40:22.326Z,dccm_data_25.bin,wt,Rep_3,0.9,0.9,1061.10,238.30,59.2,1203.93, 199950
2026-04-18T06:40:48.744Z,dccm_data_50.bin,wt,Rep_3,0.1,0.1,412.50,10996.70,29.1,1978.54, 13456212
2026-04-18T06:40:53.690Z,dccm_data_50.bin,wt,Rep_3,0.3,0.3,412.50,1354.80,34.9,1666.64, 4775522
2026-04-18T06:41:09.339Z,dccm_data_50.bin,wt,Rep_3,0.5,0.5,412.50,499.80,49.1,1123.33, 1611402
2026-04-18T06:41:24.613Z,dccm_data_50.bin,wt,Rep_3,0.7,0.7,412.50,273.40,59.1,777.60, 578832
2026-04-18T06:41:39.721Z,dccm_data_50.bin,wt,Rep_3,0.9,0.9,412.50,107.50,59.6,790.86, 108272
2026-04-18T06:42:01.095Z,dccm_data_100.bin,wt,Rep_3,0.1,0.1,197.20,6170.90,37.5,1203.39, 6835996
2026-04-18T06:42:10.571Z,dccm_data_100.bin,wt,Rep_3,0.3,0.3,197.20,673.30,45.1,1156.84, 2559662
2026-04-18T06:42:25.901Z,dccm_data_100.bin,wt,Rep_3,0.5,0.5,197.20,329.20,58.8,702.24, 901192
2026-04-18T06:42:41.035Z,dccm_data_100.bin,wt,Rep_3,0.7,0.7,197.20,130.70,59.5,545.82, 326926
2026-04-18T06:42:56.097Z,dccm_data_100.bin,wt,Rep_3,0.9,0.9,197.20,60.90,59.8,515.89, 60112
2026-04-18T06:43:15.044Z,dccm_data_200.bin,wt,Rep_3,0.1,0.1,161.60,3781.50,48.4,690.98, 3457630
2026-04-18T06:43:26.539Z,dccm_data_200.bin,wt,Rep_3,0.3,0.3,161.60,388.90,56.9,696.20, 1367210
2026-04-18T06:43:41.725Z,dccm_data_200.bin,wt,Rep_3,0.5,0.5,161.60,185.50,59.4,499.45, 510672
2026-04-18T06:43:56.806Z,dccm_data_200.bin,wt,Rep_3,0.7,0.7,161.60,74.80,59.8,413.22, 187968
2026-04-18T06:44:11.840Z,dccm_data_200.bin,wt,Rep_3,0.9,0.9,161.60,34.20,59.9,388.18, 35136
2026-04-18T06:44:29.596Z,dccm_data_400.bin,wt,Rep_3,0.1,0.1,104.70,2647.80,55.1,477.09, 1768556
2026-04-18T06:44:42.048Z,dccm_data_400.bin,wt,Rep_3,0.3,0.3,104.70,204.10,59.2,529.45, 735978
2026-04-18T06:44:57.163Z,dccm_data_400.bin,wt,Rep_3,0.5,0.5,104.70,114.10,59.7,391.31, 278956
2026-04-18T06:45:12.201Z,dccm_data_400.bin,wt,Rep_3,0.7,0.7,104.70,37.60,60.0,347.75, 99890
2026-04-18T06:45:27.222Z,dccm_data_400.bin,wt,Rep_3,0.9,0.9,104.70,21.20,60.0,348.79, 19640
2026-04-18T06:45:44.348Z,dccm_data_800.bin,wt,Rep_3,0.1,0.1,57.80,2064.90,55.9,416.42, 869408
2026-04-18T06:45:57.365Z,dccm_data_800.bin,wt,Rep_3,0.3,0.3,57.80,138.70,59.5,388.74, 387802
2026-04-18T06:46:12.427Z,dccm_data_800.bin,wt,Rep_3,0.5,0.5,57.80,61.60,59.9,331.34, 141506
2026-04-18T06:46:27.451Z,dccm_data_800.bin,wt,Rep_3,0.7,0.7,57.80,24.30,60.0,321.75, 49722
2026-04-18T06:46:42.465Z,dccm_data_800.bin,wt,Rep_3,0.9,0.9,57.80,11.80,60.0,301.49, 10464
2026-04-18T06:46:59.304Z,dccm_data_1600.bin,wt,Rep_3,0.1,0.1,38.50,1797.50,55.6,393.07, 450362
2026-04-18T06:47:12.533Z,dccm_data_1600.bin,wt,Rep_3,0.3,0.3,38.50,63.80,59.9,362.67, 217664
2026-04-18T06:47:27.564Z,dccm_data_1600.bin,wt,Rep_3,0.5,0.5,38.50,30.60,59.9,308.73, 93570
2026-04-18T06:47:42.578Z,dccm_data_1600.bin,wt,Rep_3,0.7,0.7,38.50,13.90,60.0,299.39, 33394
2026-04-18T06:47:57.584Z,dccm_data_1600.bin,wt,Rep_3,0.9,0.9,38.50,4.90,60.0,297.82, 7094
2026-04-18T06:48:35.161Z,dccm_data_25.bin,wt,Rep_4,0.1,0.1,650.80,21924.30,0,3009.56, 24620068
2026-04-18T06:48:38.239Z,dccm_data_25.bin,wt,Rep_4,0.3,0.3,650.80,2102.30,27.7,2548.35, 6152728
2026-04-18T06:48:54.008Z,dccm_data_25.bin,wt,Rep_4,0.5,0.5,650.80,620.30,45.3,1670.94, 1765056
2026-04-18T06:49:09.372Z,dccm_data_25.bin,wt,Rep_4,0.7,0.7,650.80,364.10,58.1,1311.38, 770952
2026-04-18T06:49:24.621Z,dccm_data_25.bin,wt,Rep_4,0.9,0.9,650.80,227.70,59.1,1183.20, 158924
2026-04-18T06:49:49.891Z,dccm_data_50.bin,wt,Rep_4,0.1,0.1,361.10,9900.80,28.2,1847.39, 11781326
2026-04-18T06:49:55.732Z,dccm_data_50.bin,wt,Rep_4,0.3,0.3,361.10,893.80,42.5,1789.72, 2778688
2026-04-18T06:50:11.042Z,dccm_data_50.bin,wt,Rep_4,0.5,0.5,361.10,309.50,58.8,948.78, 891448
2026-04-18T06:50:26.235Z,dccm_data_50.bin,wt,Rep_4,0.7,0.7,361.10,191.90,59.2,773.83, 410176
2026-04-18T06:50:41.357Z,dccm_data_50.bin,wt,Rep_4,0.9,0.9,361.10,121.60,59.6,706.12, 80770
2026-04-18T06:51:02.263Z,dccm_data_100.bin,wt,Rep_4,0.1,0.1,277.80,5623.20,34.0,1008.44, 5822030
2026-04-18T06:51:11.902Z,dccm_data_100.bin,wt,Rep_4,0.3,0.3,277.80,461.30,52.4,1026.23, 1435910
2026-04-18T06:51:27.112Z,dccm_data_100.bin,wt,Rep_4,0.5,0.5,277.80,209.10,59.4,581.77, 486972
2026-04-18T06:51:42.236Z,dccm_data_100.bin,wt,Rep_4,0.7,0.7,277.80,119.90,59.5,513.89, 224538
2026-04-18T06:51:57.296Z,dccm_data_100.bin,wt,Rep_4,0.9,0.9,277.80,59.70,59.9,486.47, 42984
2026-04-18T06:52:15.902Z,dccm_data_200.bin,wt,Rep_4,0.1,0.1,150.70,3451.00,47.2,728.01, 2934182
2026-04-18T06:52:27.544Z,dccm_data_200.bin,wt,Rep_4,0.3,0.3,150.70,243.70,58.9,629.75, 760616
2026-04-18T06:52:42.643Z,dccm_data_200.bin,wt,Rep_4,0.5,0.5,150.70,98.30,59.7,440.40, 279216
2026-04-18T06:52:57.711Z,dccm_data_200.bin,wt,Rep_4,0.7,0.7,150.70,67.50,59.9,389.30, 130218
2026-04-18T06:53:12.745Z,dccm_data_200.bin,wt,Rep_4,0.9,0.9,150.70,33.30,59.9,372.77, 24048
2026-04-18T06:53:30.252Z,dccm_data_400.bin,wt,Rep_4,0.1,0.1,75.80,2427.70,54.9,504.97, 1473622
2026-04-18T06:53:42.897Z,dccm_data_400.bin,wt,Rep_4,0.3,0.3,75.80,148.60,59.5,434.41, 408934
2026-04-18T06:53:57.962Z,dccm_data_400.bin,wt,Rep_4,0.5,0.5,75.80,64.10,59.9,355.68, 148462
2026-04-18T06:54:12.997Z,dccm_data_400.bin,wt,Rep_4,0.7,0.7,75.80,35.40,59.9,341.95, 68260
2026-04-18T06:54:28.018Z,dccm_data_400.bin,wt,Rep_4,0.9,0.9,75.80,20.20,60.0,321.68, 12834
2026-04-18T06:54:45.054Z,dccm_data_800.bin,wt,Rep_4,0.1,0.1,39.20,1993.90,59.1,402.72, 748204
2026-04-18T06:54:58.091Z,dccm_data_800.bin,wt,Rep_4,0.3,0.3,39.20,69.70,59.9,390.56, 238560
2026-04-18T06:55:13.121Z,dccm_data_800.bin,wt,Rep_4,0.5,0.5,39.20,29.70,60.0,321.96, 86508
2026-04-18T06:55:28.139Z,dccm_data_800.bin,wt,Rep_4,0.7,0.7,39.20,17.40,60.0,313.70, 37478
2026-04-18T06:55:43.148Z,dccm_data_800.bin,wt,Rep_4,0.9,0.9,39.20,8.20,60.0,314.30, 7260
2026-04-18T06:55:59.985Z,dccm_data_1600.bin,wt,Rep_4,0.1,0.1,28.10,1806.70,55.8,364.29, 398132
2026-04-18T06:56:13.191Z,dccm_data_1600.bin,wt,Rep_4,0.3,0.3,28.10,40.10,60.0,330.28, 138644
2026-04-18T06:56:28.208Z,dccm_data_1600.bin,wt,Rep_4,0.5,0.5,28.10,16.40,60.0,312.31, 49942
2026-04-18T06:56:43.215Z,dccm_data_1600.bin,wt,Rep_4,0.7,0.7,28.10,6.80,60.0,314.39, 20506
2026-04-18T06:56:58.222Z,dccm_data_1600.bin,wt,Rep_4,0.9,0.9,28.10,7.00,60.0,290.43, 4262
2026-04-18T06:57:37.660Z,dccm_data_25.bin,wt,Rep_5,0.1,0.1,1310.70,23124.30,0,3066.45, 25776234
2026-04-18T06:57:41.129Z,dccm_data_25.bin,wt,Rep_5,0.3,0.3,1310.70,2469.00,22.2,2606.67, 7390720
2026-04-18T06:57:56.821Z,dccm_data_25.bin,wt,Rep_5,0.5,0.5,1310.70,691.20,42.4,1773.08, 2029574
2026-04-18T06:58:12.327Z,dccm_data_25.bin,wt,Rep_5,0.7,0.7,1310.70,436.60,55.6,1241.90, 830634
2026-04-18T06:58:27.533Z,dccm_data_25.bin,wt,Rep_5,0.9,0.9,1310.70,205.20,59.3,1277.22, 170644
2026-04-18T06:58:53.489Z,dccm_data_50.bin,wt,Rep_5,0.1,0.1,432.70,10513.70,0,1898.12, 12667064
2026-04-18T06:58:59.122Z,dccm_data_50.bin,wt,Rep_5,0.3,0.3,432.70,1146.90,42.7,1906.30, 3610392
2026-04-18T06:59:14.545Z,dccm_data_50.bin,wt,Rep_5,0.5,0.5,432.70,419.20,54.1,909.60, 1062304
2026-04-18T06:59:29.735Z,dccm_data_50.bin,wt,Rep_5,0.7,0.7,432.70,189.80,59.4,946.86, 446352
2026-04-18T06:59:44.846Z,dccm_data_50.bin,wt,Rep_5,0.9,0.9,432.70,110.00,59.7,726.53, 88972
2026-04-18T07:00:05.995Z,dccm_data_100.bin,wt,Rep_5,0.1,0.1,208.10,5935.80,36.2,1085.72, 6406562
2026-04-18T07:00:15.416Z,dccm_data_100.bin,wt,Rep_5,0.3,0.3,208.10,565.10,50.6,1062.53, 1905218
2026-04-18T07:00:30.672Z,dccm_data_100.bin,wt,Rep_5,0.5,0.5,208.10,219.00,57.8,594.13, 558234
2026-04-18T07:00:45.771Z,dccm_data_100.bin,wt,Rep_5,0.7,0.7,208.10,98.50,59.7,618.75, 239944
2026-04-18T07:01:00.833Z,dccm_data_100.bin,wt,Rep_5,0.9,0.9,208.10,60.20,59.9,504.08, 46810
2026-04-18T07:01:19.808Z,dccm_data_200.bin,wt,Rep_5,0.1,0.1,172.00,3796.40,44.8,812.74, 3284556
2026-04-18T07:01:31.188Z,dccm_data_200.bin,wt,Rep_5,0.3,0.3,172.00,348.30,58.7,667.32, 1066926
2026-04-18T07:01:46.323Z,dccm_data_200.bin,wt,Rep_5,0.5,0.5,172.00,130.50,59.5,451.11, 326418
2026-04-18T07:02:01.383Z,dccm_data_200.bin,wt,Rep_5,0.7,0.7,172.00,59.50,59.9,447.00, 132594
2026-04-18T07:02:16.419Z,dccm_data_200.bin,wt,Rep_5,0.9,0.9,172.00,34.30,60.0,381.95, 26368
2026-04-18T07:02:34.054Z,dccm_data_400.bin,wt,Rep_5,0.1,0.1,65.90,2565.30,54.9,543.65, 1685056
2026-04-18T07:02:46.583Z,dccm_data_400.bin,wt,Rep_5,0.3,0.3,65.90,160.80,59.4,474.26, 583922
2026-04-18T07:03:01.641Z,dccm_data_400.bin,wt,Rep_5,0.5,0.5,65.90,57.40,59.9,393.96, 181680
2026-04-18T07:03:16.672Z,dccm_data_400.bin,wt,Rep_5,0.7,0.7,65.90,30.60,60.0,343.62, 71804
2026-04-18T07:03:31.692Z,dccm_data_400.bin,wt,Rep_5,0.9,0.9,65.90,19.30,60.0,332.56, 15102
2026-04-18T07:03:48.833Z,dccm_data_800.bin,wt,Rep_5,0.1,0.1,67.10,2070.40,59.0,440.78, 830536
2026-04-18T07:04:01.787Z,dccm_data_800.bin,wt,Rep_5,0.3,0.3,67.10,91.60,59.8,414.21, 319114
2026-04-18T07:04:16.818Z,dccm_data_800.bin,wt,Rep_5,0.5,0.5,67.10,30.50,60.0,332.95, 102948
2026-04-18T07:04:31.834Z,dccm_data_800.bin,wt,Rep_5,0.7,0.7,67.10,15.50,60.0,317.63, 39054
2026-04-18T07:04:46.843Z,dccm_data_800.bin,wt,Rep_5,0.9,0.9,67.10,8.70,60.0,319.16, 8692
2026-04-18T07:05:03.660Z,dccm_data_1600.bin,wt,Rep_5,0.1,0.1,33.30,1780.90,55.9,357.03, 436902
2026-04-18T07:05:16.901Z,dccm_data_1600.bin,wt,Rep_5,0.3,0.3,33.30,54.00,59.9,353.52, 191766
2026-04-18T07:05:31.923Z,dccm_data_1600.bin,wt,Rep_5,0.5,0.5,33.30,21.50,60.0,297.64, 68090
2026-04-18T07:05:46.934Z,dccm_data_1600.bin,wt,Rep_5,0.7,0.7,33.30,10.20,60.0,289.10, 23998
2026-04-18T07:06:01.940Z,dccm_data_1600.bin,wt,Rep_5,0.9,0.9,33.30,4.90,60.0,288.58, 5488
2026-04-18T07:06:40.439Z,dccm_data_25.bin,wt_lig,Rep_1,0.1,0.1,710.60,22785.90,0,3175.34, 25224686
2026-04-18T07:06:43.961Z,dccm_data_25.bin,wt_lig,Rep_1,0.3,0.3,710.60,2540.50,23.8,2929.41, 7144742
2026-04-18T07:06:59.913Z,dccm_data_25.bin,wt_lig,Rep_1,0.5,0.5,710.60,799.90,42.7,1631.23, 2181846
2026-04-18T07:07:15.301Z,dccm_data_25.bin,wt_lig,Rep_1,0.7,0.7,710.60,383.10,57.3,1326.78, 838914
2026-04-18T07:07:30.544Z,dccm_data_25.bin,wt_lig,Rep_1,0.9,0.9,710.60,215.40,59.1,1195.04, 169176
2026-04-18T07:07:56.220Z,dccm_data_50.bin,wt_lig,Rep_1,0.1,0.1,454.50,10212.80,22.3,1806.11, 12258766
2026-04-18T07:08:01.608Z,dccm_data_50.bin,wt_lig,Rep_1,0.3,0.3,454.50,1054.80,38.6,1708.39, 3507578
2026-04-18T07:08:16.993Z,dccm_data_50.bin,wt_lig,Rep_1,0.5,0.5,454.50,384.60,53.6,1008.24, 1191260
2026-04-18T07:08:32.229Z,dccm_data_50.bin,wt_lig,Rep_1,0.7,0.7,454.50,235.60,59.2,746.74, 463082
2026-04-18T07:08:47.336Z,dccm_data_50.bin,wt_lig,Rep_1,0.9,0.9,454.50,105.10,59.7,779.56, 88842
2026-04-18T07:09:08.367Z,dccm_data_100.bin,wt_lig,Rep_1,0.1,0.1,294.60,5730.40,39.2,1168.86, 6175752
2026-04-18T07:09:18.102Z,dccm_data_100.bin,wt_lig,Rep_1,0.3,0.3,294.60,589.50,49.0,1091.69, 1914670
2026-04-18T07:09:33.379Z,dccm_data_100.bin,wt_lig,Rep_1,0.5,0.5,294.60,277.20,59.1,631.97, 707902
2026-04-18T07:09:48.494Z,dccm_data_100.bin,wt_lig,Rep_1,0.7,0.7,294.60,114.10,59.6,536.44, 280596
2026-04-18T07:10:03.553Z,dccm_data_100.bin,wt_lig,Rep_1,0.9,0.9,294.60,58.80,59.9,507.91, 51858
2026-04-18T07:10:22.398Z,dccm_data_200.bin,wt_lig,Rep_1,0.1,0.1,204.10,3637.00,48.1,786.86, 3111372
2026-04-18T07:10:33.984Z,dccm_data_200.bin,wt_lig,Rep_1,0.3,0.3,204.10,344.70,58.2,635.49, 1027844
2026-04-18T07:10:49.112Z,dccm_data_200.bin,wt_lig,Rep_1,0.5,0.5,204.10,127.80,59.5,463.04, 407116
2026-04-18T07:11:04.196Z,dccm_data_200.bin,wt_lig,Rep_1,0.7,0.7,204.10,80.00,59.8,403.25, 164768
2026-04-18T07:11:19.230Z,dccm_data_200.bin,wt_lig,Rep_1,0.9,0.9,204.10,33.20,60.0,396.69, 29878
2026-04-18T07:11:36.887Z,dccm_data_400.bin,wt_lig,Rep_1,0.1,0.1,70.40,2583.30,58.1,591.93, 1639690
2026-04-18T07:11:49.439Z,dccm_data_400.bin,wt_lig,Rep_1,0.3,0.3,70.40,205.80,59.3,462.85, 592498
2026-04-18T07:12:04.523Z,dccm_data_400.bin,wt_lig,Rep_1,0.5,0.5,70.40,83.30,59.8,373.21, 236930
2026-04-18T07:12:19.572Z,dccm_data_400.bin,wt_lig,Rep_1,0.7,0.7,70.40,48.50,59.9,332.40, 95844
2026-04-18T07:12:34.592Z,dccm_data_400.bin,wt_lig,Rep_1,0.9,0.9,70.40,19.90,60.0,320.24, 17336
2026-04-18T07:12:51.604Z,dccm_data_800.bin,wt_lig,Rep_1,0.1,0.1,51.90,1956.60,59.1,449.02, 833778
2026-04-18T07:13:04.728Z,dccm_data_800.bin,wt_lig,Rep_1,0.3,0.3,51.90,132.00,59.6,375.62, 351574
2026-04-18T07:13:19.786Z,dccm_data_800.bin,wt_lig,Rep_1,0.5,0.5,51.90,58.10,59.9,322.06, 145524
2026-04-18T07:13:34.811Z,dccm_data_800.bin,wt_lig,Rep_1,0.7,0.7,51.90,24.60,60.0,318.34, 55538
2026-04-18T07:13:49.823Z,dccm_data_800.bin,wt_lig,Rep_1,0.9,0.9,51.90,11.60,60.0,288.83, 10520
2026-04-18T07:14:06.632Z,dccm_data_1600.bin,wt_lig,Rep_1,0.1,0.1,41.60,1763.50,56.2,326.28, 419744
2026-04-18T07:14:19.875Z,dccm_data_1600.bin,wt_lig,Rep_1,0.3,0.3,41.60,48.60,59.9,377.29, 174524
2026-04-18T07:14:34.900Z,dccm_data_1600.bin,wt_lig,Rep_1,0.5,0.5,41.60,24.50,60.0,298.31, 72592
2026-04-18T07:14:49.913Z,dccm_data_1600.bin,wt_lig,Rep_1,0.7,0.7,41.60,12.10,60.0,291.64, 29056
2026-04-18T07:15:04.918Z,dccm_data_1600.bin,wt_lig,Rep_1,0.9,0.9,41.60,4.90,60.0,290.66, 5748
2026-04-18T07:15:45.326Z,dccm_data_25.bin,wt_lig,Rep_2,0.1,0.1,683.70,24720.80,0,3003.33, 26682790
2026-04-18T07:15:49.236Z,dccm_data_25.bin,wt_lig,Rep_2,0.3,0.3,683.70,2909.20,21.7,2888.36, 8878236
2026-04-18T07:16:05.247Z,dccm_data_25.bin,wt_lig,Rep_2,0.5,0.5,683.70,983.90,37.0,1821.53, 2803118
2026-04-18T07:16:20.719Z,dccm_data_25.bin,wt_lig,Rep_2,0.7,0.7,683.70,431.70,52.5,1401.03, 1023482
2026-04-18T07:16:35.943Z,dccm_data_25.bin,wt_lig,Rep_2,0.9,0.9,683.70,224.10,59.3,1220.11, 199716
2026-04-18T07:17:02.249Z,dccm_data_50.bin,wt_lig,Rep_2,0.1,0.1,549.00,10747.90,15.9,1888.65, 13177946
2026-04-18T07:17:07.222Z,dccm_data_50.bin,wt_lig,Rep_2,0.3,0.3,549.00,1269.70,35.4,1824.65, 4446660
2026-04-18T07:17:22.807Z,dccm_data_50.bin,wt_lig,Rep_2,0.5,0.5,549.00,582.20,49.9,916.38, 1514582
2026-04-18T07:17:38.027Z,dccm_data_50.bin,wt_lig,Rep_2,0.7,0.7,549.00,219.00,59.3,978.15, 579828
2026-04-18T07:17:53.141Z,dccm_data_50.bin,wt_lig,Rep_2,0.9,0.9,549.00,113.80,59.6,742.70, 108794
2026-04-18T07:18:14.356Z,dccm_data_100.bin,wt_lig,Rep_2,0.1,0.1,248.60,5960.50,38.3,1161.61, 6680526
2026-04-18T07:18:23.813Z,dccm_data_100.bin,wt_lig,Rep_2,0.3,0.3,248.60,666.30,46.5,1150.51, 2379524
2026-04-18T07:18:39.082Z,dccm_data_100.bin,wt_lig,Rep_2,0.5,0.5,248.60,268.50,58.7,699.94, 849694
2026-04-18T07:18:54.210Z,dccm_data_100.bin,wt_lig,Rep_2,0.7,0.7,248.60,127.00,59.6,625.05, 326890
2026-04-18T07:19:09.276Z,dccm_data_100.bin,wt_lig,Rep_2,0.9,0.9,248.60,63.40,59.9,514.96, 61238
2026-04-18T07:19:28.267Z,dccm_data_200.bin,wt_lig,Rep_2,0.1,0.1,171.60,3815.50,48.5,683.19, 3393192
2026-04-18T07:19:39.698Z,dccm_data_200.bin,wt_lig,Rep_2,0.3,0.3,171.60,378.50,58.5,656.05, 1278844
2026-04-18T07:19:54.843Z,dccm_data_200.bin,wt_lig,Rep_2,0.5,0.5,171.60,144.40,59.5,491.45, 471210
2026-04-18T07:20:09.908Z,dccm_data_200.bin,wt_lig,Rep_2,0.7,0.7,171.60,64.40,59.9,431.56, 184898
2026-04-18T07:20:24.940Z,dccm_data_200.bin,wt_lig,Rep_2,0.9,0.9,171.60,31.90,60.0,387.95, 34410
2026-04-18T07:20:42.702Z,dccm_data_400.bin,wt_lig,Rep_2,0.1,0.1,61.00,2697.70,55.2,517.44, 1769620
2026-04-18T07:20:55.166Z,dccm_data_400.bin,wt_lig,Rep_2,0.3,0.3,61.00,222.50,59.2,531.29, 756962
2026-04-18T07:21:10.262Z,dccm_data_400.bin,wt_lig,Rep_2,0.5,0.5,61.00,94.90,59.7,401.61, 311998
2026-04-18T07:21:25.302Z,dccm_data_400.bin,wt_lig,Rep_2,0.7,0.7,61.00,39.50,59.9,416.12, 123288
2026-04-18T07:21:40.322Z,dccm_data_400.bin,wt_lig,Rep_2,0.9,0.9,61.00,19.80,60.0,350.82, 22398
2026-04-18T07:21:57.459Z,dccm_data_800.bin,wt_lig,Rep_2,0.1,0.1,34.60,2098.30,56.0,387.66, 914204
2026-04-18T07:22:10.451Z,dccm_data_800.bin,wt_lig,Rep_2,0.3,0.3,34.60,124.70,59.6,420.31, 459384
2026-04-18T07:22:25.520Z,dccm_data_800.bin,wt_lig,Rep_2,0.5,0.5,34.60,69.30,59.9,336.95, 208092
2026-04-18T07:22:40.551Z,dccm_data_800.bin,wt_lig,Rep_2,0.7,0.7,34.60,30.70,60.0,317.60, 81268
2026-04-18T07:22:55.564Z,dccm_data_800.bin,wt_lig,Rep_2,0.9,0.9,34.60,11.70,60.0,303.24, 15570
2026-04-18T07:23:12.331Z,dccm_data_1600.bin,wt_lig,Rep_2,0.1,0.1,16.20,1747.60,55.8,367.42, 448368
2026-04-18T07:23:25.633Z,dccm_data_1600.bin,wt_lig,Rep_2,0.3,0.3,16.20,65.90,59.9,365.01, 221754
2026-04-18T07:23:40.665Z,dccm_data_1600.bin,wt_lig,Rep_2,0.5,0.5,16.20,32.00,60.0,308.97, 97430
2026-04-18T07:23:55.678Z,dccm_data_1600.bin,wt_lig,Rep_2,0.7,0.7,16.20,12.70,60.0,299.59, 36818
2026-04-18T07:24:10.684Z,dccm_data_1600.bin,wt_lig,Rep_2,0.9,0.9,16.20,5.00,60.0,298.63, 7710
2026-04-18T07:24:48.983Z,dccm_data_25.bin,wt_lig,Rep_3,0.1,0.1,969.70,22326.80,0,3048.88, 24559762
2026-04-18T07:24:52.149Z,dccm_data_25.bin,wt_lig,Rep_3,0.3,0.3,969.70,2204.50,29.6,2544.68, 6190634
2026-04-18T07:25:08.004Z,dccm_data_25.bin,wt_lig,Rep_3,0.5,0.5,969.70,686.90,46.0,1542.37, 1764370
2026-04-18T07:25:23.376Z,dccm_data_25.bin,wt_lig,Rep_3,0.7,0.7,969.70,371.00,58.7,1222.87, 708710
2026-04-18T07:25:38.596Z,dccm_data_25.bin,wt_lig,Rep_3,0.9,0.9,969.70,205.30,59.3,1253.08, 155246
2026-04-18T07:26:03.898Z,dccm_data_50.bin,wt_lig,Rep_3,0.1,0.1,511.70,9780.50,32.2,1739.48, 11585366
2026-04-18T07:26:09.813Z,dccm_data_50.bin,wt_lig,Rep_3,0.3,0.3,511.70,845.10,44.4,1479.14, 2758082
2026-04-18T07:26:25.129Z,dccm_data_50.bin,wt_lig,Rep_3,0.5,0.5,511.70,314.90,58.9,931.77, 897616
2026-04-18T07:26:40.322Z,dccm_data_50.bin,wt_lig,Rep_3,0.7,0.7,511.70,184.80,59.4,787.54, 382152
2026-04-18T07:26:55.431Z,dccm_data_50.bin,wt_lig,Rep_3,0.9,0.9,511.70,108.90,59.6,718.57, 79326
2026-04-18T07:27:16.289Z,dccm_data_100.bin,wt_lig,Rep_3,0.1,0.1,327.50,5525.50,32.3,1026.45, 5737568
2026-04-18T07:27:26.042Z,dccm_data_100.bin,wt_lig,Rep_3,0.3,0.3,327.50,454.80,55.8,1009.51, 1467018
2026-04-18T07:27:41.212Z,dccm_data_100.bin,wt_lig,Rep_3,0.5,0.5,327.50,169.90,59.4,609.02, 504682
2026-04-18T07:27:56.307Z,dccm_data_100.bin,wt_lig,Rep_3,0.7,0.7,327.50,95.10,59.7,517.60, 210746
2026-04-18T07:28:11.366Z,dccm_data_100.bin,wt_lig,Rep_3,0.9,0.9,327.50,58.50,59.9,481.42, 42632
2026-04-18T07:28:29.892Z,dccm_data_200.bin,wt_lig,Rep_3,0.1,0.1,136.40,3385.50,47.8,612.47, 2882254
2026-04-18T07:28:41.587Z,dccm_data_200.bin,wt_lig,Rep_3,0.3,0.3,136.40,216.70,59.2,667.64, 771592
2026-04-18T07:28:56.681Z,dccm_data_200.bin,wt_lig,Rep_3,0.5,0.5,136.40,93.20,59.7,521.50, 277150
2026-04-18T07:29:11.736Z,dccm_data_200.bin,wt_lig,Rep_3,0.7,0.7,136.40,54.90,59.9,396.63, 122856
2026-04-18T07:29:26.769Z,dccm_data_200.bin,wt_lig,Rep_3,0.9,0.9,136.40,33.00,60.0,394.58, 23442
2026-04-18T07:29:44.358Z,dccm_data_400.bin,wt_lig,Rep_3,0.1,0.1,80.90,2504.30,54.4,478.55, 1467620
2026-04-18T07:29:56.906Z,dccm_data_400.bin,wt_lig,Rep_3,0.3,0.3,80.90,132.70,59.5,446.88, 431948
2026-04-18T07:30:11.962Z,dccm_data_400.bin,wt_lig,Rep_3,0.5,0.5,80.90,56.10,59.9,364.15, 163400
2026-04-18T07:30:26.989Z,dccm_data_400.bin,wt_lig,Rep_3,0.7,0.7,80.90,26.40,60.0,366.32, 69866
2026-04-18T07:30:42.008Z,dccm_data_400.bin,wt_lig,Rep_3,0.9,0.9,80.90,18.20,60.0,343.88, 13280
2026-04-18T07:30:59.070Z,dccm_data_800.bin,wt_lig,Rep_3,0.1,0.1,43.50,2015.90,59.1,376.60, 753492
2026-04-18T07:31:12.092Z,dccm_data_800.bin,wt_lig,Rep_3,0.3,0.3,43.50,81.00,59.7,390.70, 272104
2026-04-18T07:31:27.130Z,dccm_data_800.bin,wt_lig,Rep_3,0.5,0.5,43.50,37.30,59.9,330.08, 109226
2026-04-18T07:31:42.147Z,dccm_data_800.bin,wt_lig,Rep_3,0.7,0.7,43.50,17.10,60.0,322.08, 44922
2026-04-18T07:31:57.155Z,dccm_data_800.bin,wt_lig,Rep_3,0.9,0.9,43.50,6.90,60.0,320.75, 8030
2026-04-18T07:32:13.977Z,dccm_data_1600.bin,wt_lig,Rep_3,0.1,0.1,62.40,1756.10,56.0,378.57, 395202
2026-04-18T07:32:27.197Z,dccm_data_1600.bin,wt_lig,Rep_3,0.3,0.3,62.40,38.60,59.9,333.95, 150120
2026-04-18T07:32:42.219Z,dccm_data_1600.bin,wt_lig,Rep_3,0.5,0.5,62.40,21.70,60.0,288.38, 61882
2026-04-18T07:32:57.229Z,dccm_data_1600.bin,wt_lig,Rep_3,0.7,0.7,62.40,9.70,60.0,286.11, 23660
2026-04-18T07:33:12.234Z,dccm_data_1600.bin,wt_lig,Rep_3,0.9,0.9,62.40,4.60,60.0,284.73, 4464
2026-04-18T07:33:50.401Z,dccm_data_25.bin,wt_lig,Rep_4,0.1,0.1,862.30,22301.20,0,3107.44, 24974878
2026-04-18T07:33:53.793Z,dccm_data_25.bin,wt_lig,Rep_4,0.3,0.3,862.30,2409.10,23.0,2706.93, 6490900
2026-04-18T07:34:09.492Z,dccm_data_25.bin,wt_lig,Rep_4,0.5,0.5,862.30,698.80,45.2,1535.45, 1797926
2026-04-18T07:34:24.955Z,dccm_data_25.bin,wt_lig,Rep_4,0.7,0.7,862.30,426.00,57.7,1300.21, 760834
2026-04-18T07:34:40.175Z,dccm_data_25.bin,wt_lig,Rep_4,0.9,0.9,862.30,216.40,59.3,1237.62, 160882
2026-04-18T07:35:05.643Z,dccm_data_50.bin,wt_lig,Rep_4,0.1,0.1,317.30,10141.60,20.9,1863.48, 12083228
2026-04-18T07:35:11.537Z,dccm_data_50.bin,wt_lig,Rep_4,0.3,0.3,317.30,938.80,44.5,1764.04, 3025204
2026-04-18T07:35:26.914Z,dccm_data_50.bin,wt_lig,Rep_4,0.5,0.5,317.30,375.10,58.4,901.33, 918234
2026-04-18T07:35:42.150Z,dccm_data_50.bin,wt_lig,Rep_4,0.7,0.7,317.30,217.10,59.2,732.23, 406572
2026-04-18T07:35:57.259Z,dccm_data_50.bin,wt_lig,Rep_4,0.9,0.9,317.30,104.80,59.7,757.39, 82424
2026-04-18T07:36:18.216Z,dccm_data_100.bin,wt_lig,Rep_4,0.1,0.1,180.10,5770.80,29.9,1013.16, 6021848
2026-04-18T07:36:27.737Z,dccm_data_100.bin,wt_lig,Rep_4,0.3,0.3,180.10,472.40,53.8,912.04, 1531230
2026-04-18T07:36:42.897Z,dccm_data_100.bin,wt_lig,Rep_4,0.5,0.5,180.10,159.20,59.5,619.74, 487976
2026-04-18T07:36:57.995Z,dccm_data_100.bin,wt_lig,Rep_4,0.7,0.7,180.10,97.10,59.6,527.43, 221050
2026-04-18T07:37:13.059Z,dccm_data_100.bin,wt_lig,Rep_4,0.9,0.9,180.10,63.90,59.8,482.96, 43746
2026-04-18T07:37:31.727Z,dccm_data_200.bin,wt_lig,Rep_4,0.1,0.1,163.90,3500.40,46.1,747.48, 3028358
2026-04-18T07:37:43.339Z,dccm_data_200.bin,wt_lig,Rep_4,0.3,0.3,163.90,274.00,58.8,600.41, 801820
2026-04-18T07:37:58.453Z,dccm_data_200.bin,wt_lig,Rep_4,0.5,0.5,163.90,113.90,59.6,410.83, 257398
2026-04-18T07:38:13.505Z,dccm_data_200.bin,wt_lig,Rep_4,0.7,0.7,163.90,51.60,59.9,443.74, 117820
2026-04-18T07:38:28.539Z,dccm_data_200.bin,wt_lig,Rep_4,0.9,0.9,163.90,33.20,59.9,379.11, 23570
2026-04-18T07:38:46.166Z,dccm_data_400.bin,wt_lig,Rep_4,0.1,0.1,70.50,2553.30,54.7,569.43, 1551034
2026-04-18T07:38:58.683Z,dccm_data_400.bin,wt_lig,Rep_4,0.3,0.3,70.50,140.40,59.5,455.04, 450196
2026-04-18T07:39:13.738Z,dccm_data_400.bin,wt_lig,Rep_4,0.5,0.5,70.50,54.20,59.9,358.65, 144622
2026-04-18T07:39:28.768Z,dccm_data_400.bin,wt_lig,Rep_4,0.7,0.7,70.50,29.80,60.0,337.50, 64668
2026-04-18T07:39:43.787Z,dccm_data_400.bin,wt_lig,Rep_4,0.9,0.9,70.50,18.60,60.0,331.48, 13240
2026-04-18T07:40:00.899Z,dccm_data_800.bin,wt_lig,Rep_4,0.1,0.1,39.10,2069.90,56.0,434.13, 787528
2026-04-18T07:40:13.872Z,dccm_data_800.bin,wt_lig,Rep_4,0.3,0.3,39.10,80.40,59.8,393.22, 259268
2026-04-18T07:40:28.902Z,dccm_data_800.bin,wt_lig,Rep_4,0.5,0.5,39.10,29.00,59.9,324.05, 83656
2026-04-18T07:40:43.919Z,dccm_data_800.bin,wt_lig,Rep_4,0.7,0.7,39.10,16.60,60.0,312.71, 35078
2026-04-18T07:40:58.928Z,dccm_data_800.bin,wt_lig,Rep_4,0.9,0.9,39.10,8.20,60.0,314.40, 7458
2026-04-18T07:41:15.764Z,dccm_data_1600.bin,wt_lig,Rep_4,0.1,0.1,36.50,1796.30,55.9,367.65, 422294
2026-04-18T07:41:28.977Z,dccm_data_1600.bin,wt_lig,Rep_4,0.3,0.3,36.50,46.00,59.9,338.50, 158784
2026-04-18T07:41:43.992Z,dccm_data_1600.bin,wt_lig,Rep_4,0.5,0.5,36.50,14.80,60.0,305.78, 51842
2026-04-18T07:41:59.000Z,dccm_data_1600.bin,wt_lig,Rep_4,0.7,0.7,36.50,7.80,60.0,317.06, 20484
2026-04-18T07:42:14.008Z,dccm_data_1600.bin,wt_lig,Rep_4,0.9,0.9,36.50,7.50,60.0,293.29, 4524
2026-04-18T07:42:52.869Z,dccm_data_25.bin,wt_lig,Rep_5,0.1,0.1,854.30,23002.90,0,3211.68, 25610936
2026-04-18T07:42:56.982Z,dccm_data_25.bin,wt_lig,Rep_5,0.3,0.3,854.30,2715.50,23.7,2449.20, 7521120
2026-04-18T07:43:12.801Z,dccm_data_25.bin,wt_lig,Rep_5,0.5,0.5,854.30,819.20,40.0,1656.36, 2213262
2026-04-18T07:43:28.182Z,dccm_data_25.bin,wt_lig,Rep_5,0.7,0.7,854.30,379.80,55.7,1332.26, 824984
2026-04-18T07:43:43.394Z,dccm_data_25.bin,wt_lig,Rep_5,0.9,0.9,854.30,208.10,59.3,1208.92, 168302
2026-04-18T07:44:09.616Z,dccm_data_50.bin,wt_lig,Rep_5,0.1,0.1,567.10,10645.40,20.9,1753.10, 12633994
2026-04-18T07:44:14.514Z,dccm_data_50.bin,wt_lig,Rep_5,0.3,0.3,567.10,1107.50,37.2,1593.95, 3788506
2026-04-18T07:44:30.038Z,dccm_data_50.bin,wt_lig,Rep_5,0.5,0.5,567.10,394.20,52.2,1036.11, 1213408
2026-04-18T07:44:45.237Z,dccm_data_50.bin,wt_lig,Rep_5,0.7,0.7,567.10,197.80,59.2,808.43, 457114
2026-04-18T07:45:00.359Z,dccm_data_50.bin,wt_lig,Rep_5,0.9,0.9,567.10,120.60,59.6,712.09, 89354
2026-04-18T07:45:21.587Z,dccm_data_100.bin,wt_lig,Rep_5,0.1,0.1,251.10,5970.50,37.5,1154.87, 6430772
2026-04-18T07:45:30.995Z,dccm_data_100.bin,wt_lig,Rep_5,0.3,0.3,251.10,629.80,46.6,1117.69, 2109476
2026-04-18T07:45:46.275Z,dccm_data_100.bin,wt_lig,Rep_5,0.5,0.5,251.10,279.00,58.5,647.82, 727252
2026-04-18T07:46:01.389Z,dccm_data_100.bin,wt_lig,Rep_5,0.7,0.7,251.10,114.10,59.6,537.27, 273712
2026-04-18T07:46:16.448Z,dccm_data_100.bin,wt_lig,Rep_5,0.9,0.9,251.10,58.30,59.9,507.28, 49890
2026-04-18T07:46:35.345Z,dccm_data_200.bin,wt_lig,Rep_5,0.1,0.1,121.10,3771.30,49.2,798.30, 3325350
2026-04-18T07:46:46.823Z,dccm_data_200.bin,wt_lig,Rep_5,0.3,0.3,121.10,363.90,58.4,715.23, 1212324
2026-04-18T07:47:01.999Z,dccm_data_200.bin,wt_lig,Rep_5,0.5,0.5,121.10,175.40,59.3,459.18, 446510
2026-04-18T07:47:17.081Z,dccm_data_200.bin,wt_lig,Rep_5,0.7,0.7,121.10,82.20,59.8,408.27, 171566
2026-04-18T07:47:32.117Z,dccm_data_200.bin,wt_lig,Rep_5,0.9,0.9,121.10,35.50,59.9,400.95, 30706
2026-04-18T07:47:49.724Z,dccm_data_400.bin,wt_lig,Rep_5,0.1,0.1,62.20,2541.10,54.8,531.22, 1686222
2026-04-18T07:48:02.347Z,dccm_data_400.bin,wt_lig,Rep_5,0.3,0.3,62.20,225.40,59.1,475.88, 648702
2026-04-18T07:48:17.432Z,dccm_data_400.bin,wt_lig,Rep_5,0.5,0.5,62.20,84.30,59.8,399.72, 248352
2026-04-18T07:48:32.471Z,dccm_data_400.bin,wt_lig,Rep_5,0.7,0.7,62.20,38.50,59.9,357.67, 94358
2026-04-18T07:48:47.490Z,dccm_data_400.bin,wt_lig,Rep_5,0.9,0.9,62.20,18.70,60.0,337.95, 16756
2026-04-18T07:49:04.617Z,dccm_data_800.bin,wt_lig,Rep_5,0.1,0.1,35.90,2087.70,59.2,359.23, 857640
2026-04-18T07:49:17.597Z,dccm_data_800.bin,wt_lig,Rep_5,0.3,0.3,35.90,103.90,59.7,396.52, 373914
2026-04-18T07:49:32.642Z,dccm_data_800.bin,wt_lig,Rep_5,0.5,0.5,35.90,44.60,59.9,352.59, 147820
2026-04-18T07:49:47.666Z,dccm_data_800.bin,wt_lig,Rep_5,0.7,0.7,35.90,23.40,60.0,304.75, 54120
2026-04-18T07:50:02.680Z,dccm_data_800.bin,wt_lig,Rep_5,0.9,0.9,35.90,12.10,60.0,295.12, 9780
2026-04-18T07:50:19.492Z,dccm_data_1600.bin,wt_lig,Rep_5,0.1,0.1,14.80,1793.50,55.9,384.51, 466664
2026-04-18T07:50:32.750Z,dccm_data_1600.bin,wt_lig,Rep_5,0.3,0.3,14.80,66.00,59.9,368.15, 232030
2026-04-18T07:50:47.779Z,dccm_data_1600.bin,wt_lig,Rep_5,0.5,0.5,14.80,28.60,60.0,310.88, 93386
2026-04-18T07:51:02.793Z,dccm_data_1600.bin,wt_lig,Rep_5,0.7,0.7,14.80,13.30,60.0,297.94, 33622
2026-04-18T07:51:17.798Z,dccm_data_1600.bin,wt_lig,Rep_5,0.9,0.9,14.80,5.00,59.9,297.29, 6458
